Inicio, Arrays, Continuar, Muestras, Transmision, Devolucion, Num_muestras 
1820242048165562, 1820242048167266, 1820242048260691, 1820242048279709, 1820242064706695, 1820242182895601, 16383
1820243683519282, 1820243683520004, 1820243683599929, 1820243683620170, 1820243683665002, 1820243728173136, 8192
1820243728335357, 1820243728335987, 1820243728363283, 1820243728381097, 1820243728453652, 1820243755906566, 8191
1820245325033569, 1820245325034421, 1820245325136846, 1820245325156661, 1820245325198420, 1820245351820453, 8192
1820245351921637, 1820245351922470, 1820245351944877, 1820245351958785, 1820245352036895, 1820245379419032, 8191
1820246962627284, 1820246962628544, 1820246962753117, 1820246962772950, 1820246963047873, 1820247016916933, 16383
1820248598356592, 1820248598357351, 1820248598458776, 1820248598478794, 1820248598517035, 1820248626422481, 8192
1820248626533869, 1820248626534721, 1820248626552720, 1820248626569442, 1820248626612738, 1820248652827794, 8191
1820250236657707, 1820250236658429, 1820250236758076, 1820250236778039, 1820250236815946, 1820250263554737, 8192
1820250263650940, 1820250263651625, 1820250263671292, 1820250263684106, 1820250263719791, 1820250289842218, 8191
1820251874976266, 1820251874977173, 1820251875079987, 1820251875099450, 1820251875134264, 1820251901861167, 8192
1820251901956351, 1820251901957258, 1820251901975480, 1820251901988406, 1820251902025332, 1820251928225850, 8191
1820253513257158, 1820253513257917, 1820253513360713, 1820253513380675, 1820253513417360, 1820253541140234, 8192
1820253541243196, 1820253541244030, 1820253541261789, 1820253541278325, 1820253541319714, 1820253567502344, 8191
1820255151560531, 1820255151561402, 1820255151639475, 1820255151658753, 1820255151694289, 1820255179842696, 8192
1820255179944825, 1820255179945658, 1820255179966343, 1820255179979065, 1820255180034083, 1820255208186675, 8191
1820255970761171, 1820255970761894, 1820255970872929, 1820255970893318, 1820255970937003, 1820255997147373, 8192
1820256789849238, 1820256789849960, 1820256789929848, 1820256789949774, 1820256789990626, 1820256816117756, 8191
1820257609053193, 1820257609053748, 1820257609150414, 1820257609169932, 1820257609212784, 1820257635344988, 8192
1820258428181148, 1820258428181944, 1820258428281517, 1820258428301869, 1820258428344739, 1820258456586533, 8191
1820259247451175, 1820259247451898, 1820259247536915, 1820259247556452, 1820259247597544, 1820259273720397, 8192
1820260066454983, 1820260066455669, 1820260066555371, 1820260066575056, 1820260066617760, 1820260092786056, 8191
1820260885988823, 1820260885989564, 1820260886087489, 1820260886107470, 1820260886152655, 1820260912366748, 8192
1820261704771226, 1820261704771930, 1820261704871114, 1820261704891058, 1820261704933132, 1820261731063021, 8191
1820263343709592, 1820263343710388, 1820263343811628, 1820263343831702, 1820263343974108, 1820263398911286, 16383
1820264982022667, 1820264982023334, 1820264982124777, 1820264982143832, 1820264982283238, 1820265035240733, 16383
1820266620346520, 1820266620347094, 1820266620447241, 1820266620466389, 1820266620605536, 1820266673486679, 16383
1820268258629428, 1820268258629984, 1820268258732260, 1820268258752464, 1820268258892648, 1820268312132306, 16383
1820269897814642, 1820269897816809, 1820269897995548, 1820269898054769, 1820269898150750, 1820269976355087, 8192
1820269976746824, 1820269976748676, 1820269976815675, 1820269976867193, 1820269976963026, 1820270055407250, 8191
1820271538034697, 1820271538036845, 1820271538200344, 1820271538260066, 1820271538584210, 1820271671850300, 16383
1820273173566928, 1820273173567632, 1820273173670427, 1820273173689353, 1820273173830926, 1820273227765429, 16383
1820274811827299, 1820274811827873, 1820274811931002, 1820274811950483, 1820274812111685, 1820274867216084, 16383
1820276460124107, 1820276460124959, 1820276460241939, 1820276460261328, 1820276460424141, 1820276515002194, 16383
1820278088432983, 1820278088433705, 1820278088537648, 1820278088557518, 1820278088700702, 1820278142028452, 16383
1820279726737370, 1820279726738055, 1820279726838573, 1820279726858165, 1820279726999183, 1820279779481737, 16383
1820281365035462, 1820281365036165, 1820281365138572, 1820281365157312, 1820281365294163, 1820281418577784, 16383
1820283003337849, 1820283003338515, 1820283003440459, 1820283003460255, 1820283003599550, 1820283055657313, 16383
1820284641631328, 1820284641632162, 1820284641725013, 1820284641743883, 1820284641882048, 1820284697478072, 16383
1820286279928308, 1820286279929011, 1820286280058362, 1820286280080102, 1820286280218823, 1820286336679061, 16383
1820287918338674, 1820287918339378, 1820287918439229, 1820287918458692, 1820287918596913, 1820287970633601, 16383
1820289556550709, 1820289556551450, 1820289556646894, 1820289556666690, 1820289556806874, 1820289612223918, 16383
1820291194814466, 1820291194815151, 1820291194919502, 1820291194938668, 1820291195077389, 1820291247135374, 16383
1820292833158351, 1820292833159073, 1820292833256980, 1820292833276350, 1820292833319127, 1820292859450869, 8192
1820292859614201, 1820292859614812, 1820292859634311, 1820292859650496, 1820292859695589, 1820292885750757, 8191
1820293651653365, 1820293651654106, 1820293651747772, 1820293651767345, 1820293651811475, 1820293677933216, 8192
1820295290616799, 1820295290617392, 1820295290715780, 1820295290736113, 1820295290876204, 1820295343433629, 16383
1820296940023000, 1820296940023796, 1820296940128869, 1820296940148388, 1820296940288553, 1820296992828218, 16383
1820298570025411, 1820298570027411, 1820298570210984, 1820298570270187, 1820298570601276, 1820298726962229, 16383
1820300208067206, 1820300208069002, 1820300208246519, 1820300208304759, 1820300208398017, 1820300286517078, 8192
1820300286985684, 1820300286987758, 1820300287061387, 1820300287113738, 1820300287207682, 1820300360217682, 8191
1820301024081447, 1820301024082188, 1820301024176780, 1820301024196316, 1820301024234909, 1820301052701220, 8192
1820302663018510, 1820302663019121, 1820302663115268, 1820302663134898, 1820302663276563, 1820302717970744, 16383
1820304304049274, 1820304304051181, 1820304304235143, 1820304304293142, 1820304304385660, 1820304384277962, 8192
1820304385045658, 1820304385047454, 1820304385137527, 1820304385191823, 1820304385286841, 1820304463368938, 8191
1820305121387132, 1820305121389317, 1820305121566963, 1820305121627222, 1820305121717684, 1820305199756356, 8192
1820306760094529, 1820306760096881, 1820306760280639, 1820306760340194, 1820306760434267, 1820306838723677, 8192
1820306839117766, 1820306839119785, 1820306839187784, 1820306839239432, 1820306839327005, 1820306917725637, 8191
1820307577478535, 1820307577479664, 1820307577582441, 1820307577601848, 1820307577640681, 1820307604340065, 8192
1820309217540696, 1820309217542622, 1820309217716491, 1820309217775046, 1820309217866675, 1820309296141419, 8192
1820309296372213, 1820309296374509, 1820309296438212, 1820309296489804, 1820309296584785, 1820309374642975, 8191
1820310856098780, 1820310856100762, 1820310856264408, 1820310856324889, 1820310856416592, 1820310934504875, 8192
1820310939318697, 1820310939320697, 1820310939510010, 1820310939567417, 1820310939661990, 1820310971167938, 8191
1820312492930807, 1820312492931529, 1820312493032528, 1820312493052583, 1820312493191563, 1820312546772589, 16383
1820314134054086, 1820314134055975, 1820314134238807, 1820314134359639, 1820314134709099, 1820314291337919, 16383
1820315772109452, 1820315772111341, 1820315772285599, 1820315772345228, 1820315772435338, 1820315850556139, 8192
1820315850992820, 1820315850994635, 1820315851061912, 1820315851112337, 1820315851203910, 1820315929261027, 8191
1820316589566456, 1820316589568271, 1820316589745454, 1820316589804805, 1820316589898304, 1820316667973995, 8192
1820318227053734, 1820318227054271, 1820318227153418, 1820318227173844, 1820318227311769, 1820318280758388, 16383
1820319865327264, 1820319865327838, 1820319865432651, 1820319865452392, 1820319865598742, 1820319921608855, 16383
1820321506599800, 1820321506601652, 1820321506787687, 1820321506845687, 1820321507178387, 1820321662952808, 16383
1820322323605678, 1820322323607678, 1820322323776177, 1820322323832898, 1820322323920953, 1820322402198382, 8192
1820323142715480, 1820323142717554, 1820323142897163, 1820323142956070, 1820323143045717, 1820323221094464, 8191
1820323960494221, 1820323960494924, 1820323960593368, 1820323960613016, 1820323960650608, 1820323986769220, 8192
1820325599440650, 1820325599441206, 1820325599547149, 1820325599566778, 1820325599711499, 1820325651766169, 16383
1820327240060433, 1820327240062285, 1820327240241690, 1820327240300504, 1820327240481262, 1820327321209704, 8192
1820327321539812, 1820327321541978, 1820327321609144, 1820327321661773, 1820327321750087, 1820327399956702, 8191
1820328057774433, 1820328057776322, 1820328057949468, 1820328058008634, 1820328058098671, 1820328141102423, 8192
1820329695215099, 1820329695215765, 1820329695316709, 1820329695336857, 1820329695477911, 1820329749200842, 16383
1820331333570903, 1820331333571699, 1820331333679365, 1820331333698217, 1820331333845882, 1820331434918678, 16383
1820332974711569, 1820332974713439, 1820332974870826, 1820332974928567, 1820332975452191, 1820333133350591, 16383
1820334612081438, 1820334612083382, 1820334612259196, 1820334612316991, 1820334612407064, 1820334680139616, 8192
1820334680361262, 1820334680361873, 1820334680398262, 1820334680416836, 1820334680460187, 1820334706665520, 8191
1820335428701337, 1820335428702041, 1820335428801485, 1820335428821670, 1820335428862965, 1820335454994855, 8192
1820337067620932, 1820337067621506, 1820337067722412, 1820337067743023, 1820337067883596, 1820337121198827, 16383
1820338708111862, 1820338708113732, 1820338708295823, 1820338708355322, 1820338708449673, 1820338789242837, 8192
1820338789643574, 1820338789645407, 1820338789714184, 1820338789766832, 1820338789856868, 1820338867926632, 8191
1820339526022452, 1820339526024396, 1820339526200635, 1820339526258468, 1820339526347838, 1820339604427417, 8192
1820341166255181, 1820341166257051, 1820341166433216, 1820341166493215, 1820341166811194, 1820341269082107, 16383
1820342804695816, 1820342804696556, 1820342804796648, 1820342804815296, 1820342804953813, 1820342861416069, 16383
1820344442849305, 1820344442851250, 1820344443083321, 1820344443142154, 1820344443506002, 1820344603738194, 16383
1820346080108488, 1820346080110340, 1820346080288839, 1820346080347190, 1820346080437022, 1820346158518823, 8192
1820346158949060, 1820346158951004, 1820346159015689, 1820346159066837, 1820346159156002, 1820346240827231, 8191
1820346898336408, 1820346898338278, 1820346898512221, 1820346898571776, 1820346898662423, 1820346979360902, 8192
1820348535827440, 1820348535828255, 1820348535930347, 1820348535949884, 1820348536112864, 1820348588703973, 16383
1820350174145261, 1820350174145946, 1820350174249630, 1820350174269722, 1820350174410925, 1820350229577397, 16383
1820351812449414, 1820351812450007, 1820351812554895, 1820351812574172, 1820351812714745, 1820351866703803, 16383
1820353450716938, 1820353450717660, 1820353450814215, 1820353450833252, 1820353450969936, 1820353503023624, 16383
1820355089032776, 1820355089033480, 1820355089135312, 1820355089155293, 1820355089293792, 1820355143173407, 16383
1820356727314577, 1820356727315318, 1820356727416761, 1820356727436168, 1820356727580852, 1820356779823483, 16383
1820358365630544, 1820358365631118, 1820358365732358, 1820358365752228, 1820358365896023, 1820358422761367, 16383
1820360003969233, 1820360003970029, 1820360004082621, 1820360004102602, 1820360004238897, 1820360061106778, 16383
1820361642232219, 1820361642232922, 1820361642335477, 1820361642355791, 1820361642498790, 1820361694560293, 16383
1820363280521574, 1820363280522278, 1820363280621128, 1820363280640536, 1820363280776831, 1820363334789629, 16383
1820364918304230, 1820364918304934, 1820364918405729, 1820364918425470, 1820364918462951, 1820364945520887, 8192
1820364945676459, 1820364945677089, 1820364945695755, 1820364945713218, 1820364945753125, 1820364971923477, 8191
1820366557307856, 1820366557308578, 1820366557412540, 1820366557432651, 1820366557573150, 1820366609659634, 16383
1820368195415379, 1820368195415972, 1820368195517730, 1820368195536970, 1820368195679821, 1820368250786534, 16383
1820369833786695, 1820369833787307, 1820369833888194, 1820369833907657, 1820369834050822, 1820369887646477, 16383
1820371472044642, 1820371472045216, 1820371472148660, 1820371472168160, 1820371472308177, 1820371524448438, 16383
1820373110311052, 1820373110311608, 1820373110417051, 1820373110436680, 1820373110578457, 1820373164657551, 16383
1820374748659294, 1820374748660072, 1820374748737589, 1820374748756534, 1820374748899162, 1820374805004014, 16383
1820376386910536, 1820376386911240, 1820376387009998, 1820376387029480, 1820376387170923, 1820376439342721, 16383
1820378028068898, 1820378028070805, 1820378028245952, 1820378028304321, 1820378028632540, 1820378185707837, 16383
1820379666309733, 1820379666311770, 1820379666489046, 1820379666546064, 1820379666884634, 1820379790340338, 16383
1820381301804446, 1820381301805150, 1820381301904056, 1820381301923741, 1820381302062925, 1820381355522655, 16383
1820382942907548, 1820382942909548, 1820382943090491, 1820382943147657, 1820382943476839, 1820383104926407, 16383
1820384580117170, 1820384580119207, 1820384580309761, 1820384580368890, 1820384580464815, 1820384663736935, 8192
1820384664191689, 1820384664193708, 1820384664273448, 1820384664327077, 1820384664417187, 1820384742462785, 8191
1820385398396012, 1820385398397845, 1820385398561399, 1820385398617787, 1820385398703990, 1820385476786513, 8192
1820387035945963, 1820387035946648, 1820387036131276, 1820387036154868, 1820387036298367, 1820387091613819, 16383
1820388676073722, 1820388676075722, 1820388676256850, 1820388676316497, 1820388676407589, 1820388756469148, 8192
1820388756784275, 1820388756786478, 1820388756852422, 1820388756904607, 1820388756991384, 1820388835080518, 8191
1820389494241639, 1820389494243509, 1820389494418433, 1820389494476192, 1820389494564210, 1820389573568298, 8192
1820391134476693, 1820391134478581, 1820391134649117, 1820391134709209, 1820391135044335, 1820391290759626, 16383
1820392770034385, 1820392770035107, 1820392770134291, 1820392770154606, 1820392770294308, 1820392822396941, 16383
1820394408341309, 1820394408342013, 1820394408450234, 1820394408469789, 1820394408616658, 1820394462835381, 16383
1820396048099959, 1820396048101848, 1820396048283939, 1820396048342253, 1820396048437012, 1820396126672126, 8192
1820396127442655, 1820396127444488, 1820396127529432, 1820396127581987, 1820396127673190, 1820396205763491, 8191
1820396866642316, 1820396866644020, 1820396866822018, 1820396866878740, 1820396866970387, 1820396945063688, 8192
1820398504129118, 1820398504129822, 1820398504230673, 1820398504250987, 1820398504394986, 1820398560197544, 16383
1820400141796696, 1820400141797492, 1820400141897547, 1820400141916880, 1820400141955343, 1820400168105084, 8192
1820400168265434, 1820400168266063, 1820400168285489, 1820400168302470, 1820400168339489, 1820400194426786, 8191
1820401780726279, 1820401780726891, 1820401780829612, 1820401780849982, 1820401780997610, 1820401833561793, 16383
1820403419020165, 1820403419020906, 1820403419120979, 1820403419140349, 1820403419285403, 1820403474892038, 16383
1820405057326125, 1820405057326847, 1820405057415439, 1820405057434975, 1820405057576937, 1820405114440541, 16383
1820406695095867, 1820406695096460, 1820406695198607, 1820406695218181, 1820406695257532, 1820406723206329, 8192
1820406723537937, 1820406723538622, 1820406723577659, 1820406723598140, 1820406723640881, 1820406751185960, 8191
1820407514156144, 1820407514156866, 1820407514253402, 1820407514273569, 1820407514309698, 1820407540449420, 8192
1820409153130337, 1820409153131077, 1820409153226225, 1820409153246706, 1820409153389779, 1820409206602252, 16383
1820410791410758, 1820410791411481, 1820410791513350, 1820410791532220, 1820410791676774, 1820410844613102, 16383
1820412432057619, 1820412432059508, 1820412432233692, 1820412432291839, 1820412432386727, 1820412513151075, 8192
1820412513647497, 1820412513649589, 1820412513726218, 1820412513780403, 1820412513871420, 1820412591966943, 8191
1820413249802224, 1820413249804279, 1820413249980055, 1820413250040869, 1820413250127554, 1820413329946022, 8192
1820414889987792, 1820414889989681, 1820414890173605, 1820414890232309, 1820414890573064, 1820414963969171, 16383
1820416525529889, 1820416525530444, 1820416525633295, 1820416525652554, 1820416525799497, 1820416577869944, 16383
1820418163815439, 1820418163816235, 1820418163919178, 1820418163938271, 1820418164105991, 1820418217681127, 16383
1820419804141024, 1820419804142894, 1820419804324689, 1820419804383188, 1820419804474761, 1820419882599617, 8192
1820419883004169, 1820419883006243, 1820419883074575, 1820419883126130, 1820419883217944, 1820419961281727, 8191
1820420622198624, 1820420622200587, 1820420622376048, 1820420622434826, 1820420622523640, 1820420700589940, 8192
1820422259624942, 1820422259625645, 1820422259727903, 1820422259747440, 1820422259896031, 1820422315228113, 16383
1820423897921472, 1820423897922305, 1820423898023490, 1820423898042712, 1820423898178081, 1820423952713152, 16383
1820425539014493, 1820425539016419, 1820425539187917, 1820425539246195, 1820425539567340, 1820425709768117, 16383
1820427176064702, 1820427176066517, 1820427176240015, 1820427176298478, 1820427176387421, 1820427254536777, 8192
1820427254981143, 1820427254982958, 1820427255058216, 1820427255112086, 1820427255203881, 1820427333236905, 8191
1820427994565909, 1820427994567687, 1820427994731963, 1820427994789555, 1820427994876221, 1820428073036206, 8192
1820429632035891, 1820429632036650, 1820429632134798, 1820429632155205, 1820429632297074, 1820429684900386, 16383
1820431272070496, 1820431272072496, 1820431272240939, 1820431272299197, 1820431272388845, 1820431350637903, 8192
1820431350966955, 1820431350969233, 1820431351033806, 1820431351085435, 1820431351177527, 1820431429213272, 8191
1820432090542758, 1820432090544702, 1820432090722941, 1820432090779644, 1820432090870181, 1820432169630289, 8192
1820433727816982, 1820433727817686, 1820433727919796, 1820433727939592, 1820433728112794, 1820433784987379, 16383
1820435366115363, 1820435366116066, 1820435366211769, 1820435366231417, 1820435366365045, 1820435423254982, 16383
1820437004451169, 1820437004451946, 1820437004554464, 1820437004574130, 1820437004706055, 1820437061580269, 16383
1820438642059759, 1820438642060500, 1820438642164258, 1820438642183758, 1820438642219869, 1820438675020970, 8192
1820438675138968, 1820438675139783, 1820438675166505, 1820438675180135, 1820438675225579, 1820438701506207, 8191
1820440281028077, 1820440281028799, 1820440281130279, 1820440281150779, 1820440281296630, 1820440334158106, 16383
1820441919311438, 1820441919312049, 1820441919414344, 1820441919433751, 1820441919573750, 1820441973265070, 16383
1820443557745890, 1820443557746556, 1820443557847111, 1820443557866555, 1820443558003739, 1820443613254729, 16383
1820444376167151, 1820444376167707, 1820444376263539, 1820444376282187, 1820444376321668, 1820444402459057, 8192
1820445195252036, 1820445195252758, 1820445195350720, 1820445195370701, 1820445195407682, 1820445221538016, 8191
1820446014450901, 1820446014451586, 1820446014539715, 1820446014559529, 1820446014597344, 1820446040810362, 8192
1820446833556933, 1820446833557637, 1820446833656821, 1820446833676839, 1820446833715468, 1820446861302177, 8191
1820447654217487, 1820447654219653, 1820447654397967, 1820447654455670, 1820447654546521, 1820447733758995, 8192
1820448473384741, 1820448473386611, 1820448473565387, 1820448473624109, 1820448473713478, 1820448551751927, 8191
1820450112059134, 1820450112060985, 1820450112240261, 1820450112299316, 1820450112388538, 1820450179705352, 8192
1820450179887443, 1820450179888073, 1820450179914591, 1820450179932683, 1820450179975738, 1820450206076850, 8191
1820450929372183, 1820450929372906, 1820450929475090, 1820450929494553, 1820450929531182, 1820450955707608, 8192
1820452568338684, 1820452568339425, 1820452568434165, 1820452568454924, 1820452568597422, 1820452620662073, 16383
1820454208063973, 1820454208065862, 1820454208245212, 1820454208302860, 1820454208393989, 1820454286432993, 8192
1820454286660509, 1820454286662732, 1820454286725601, 1820454286778156, 1820454286868044, 1820454364897345, 8191
1820455026629973, 1820455026632103, 1820455026803638, 1820455026861156, 1820455026950674, 1820455109220859, 8192
1820456664132525, 1820456664133358, 1820456664234413, 1820456664254376, 1820456664397689, 1820456721283255, 16383
1820458302474716, 1820458302475290, 1820458302593771, 1820458302613067, 1820458302757621, 1820458355267545, 16383
1820459941638603, 1820459941640455, 1820459941819453, 1820459941878804, 1820459941969377, 1820460020074177, 8192
1820460020302268, 1820460020304545, 1820460020367119, 1820460020419026, 1820460020509099, 1820460098507641, 8191
1820461581825609, 1820461581827812, 1820461582001755, 1820461582060328, 1820461582397195, 1820461741007439, 16383
1820463217342216, 1820463217342901, 1820463217446178, 1820463217464974, 1820463217601713, 1820463274461131, 16383
1820464855634073, 1820464855634777, 1820464855717943, 1820464855736424, 1820464855875034, 1820464912771711, 16383
1820466496110038, 1820466496111946, 1820466496277129, 1820466496335295, 1820466496423535, 1820466575503585, 8192
1820466575912062, 1820466575913840, 1820466575982876, 1820466576065709, 1820466576158486, 1820466671644669, 8191
1820467314002988, 1820467314005007, 1820467314193098, 1820467314252301, 1820467314342652, 1820467396205970, 8192
1820468951553612, 1820468951554186, 1820468951655018, 1820468951675166, 1820468951819627, 1820469004386588, 16383
1820470589723284, 1820470589723840, 1820470589830339, 1820470589849505, 1820470590001392, 1820470646887792, 16383
1820472230849427, 1820472230851371, 1820472231033073, 1820472231091591, 1820472231425680, 1820472389432818, 16383
1820473868070886, 1820473868072886, 1820473868253236, 1820473868310476, 1820473868401272, 1820473946538090, 8192
1820473946974271, 1820473946976141, 1820473947044381, 1820473947097603, 1820473947187991, 1820474025426363, 8191
1820474684888013, 1820474684888865, 1820474684988956, 1820474685010104, 1820474685043919, 1820474711580989, 8192
1820476323849121, 1820476323849973, 1820476323957305, 1820476323977860, 1820476324177470, 1820476376254602, 16383
1820477964099142, 1820477964101031, 1820477964283714, 1820477964342473, 1820477964436639, 1820478042704992, 8192
1820478047506445, 1820478047509241, 1820478047700776, 1820478047758276, 1820478047854275, 1820478128231552, 8191
1820478782187311, 1820478782189182, 1820478782344865, 1820478782402606, 1820478782485957, 1820478860542720, 8192
1820480422531757, 1820480422533461, 1820480422713255, 1820480422773273, 1820480423371526, 1820480584339431, 16383
1820482057951584, 1820482057952288, 1820482058055195, 1820482058075268, 1820482058216211, 1820482136494732, 16383
1820483699012171, 1820483699014059, 1820483699194558, 1820483699253242, 1820483699599665, 1820483856326185, 16383
1820485336067833, 1820485336069796, 1820485336251609, 1820485336309683, 1820485336397108, 1820485410151117, 8192
1820485410341115, 1820485410341856, 1820485410369282, 1820485410386967, 1820485410429411, 1820485436536485, 8191
1820486153072179, 1820486153072902, 1820486153164104, 1820486153183975, 1820486153218641, 1820486179355197, 8192
1820487794832628, 1820487794834536, 1820487795016497, 1820487795077700, 1820487795416271, 1820487954419009, 16383
1820489436083971, 1820489436086193, 1820489436265784, 1820489436324283, 1820489436422745, 1820489520266507, 8192
1820489520525449, 1820489520527652, 1820489520593967, 1820489520645392, 1820489520736947, 1820489602562265, 8191
1820490250304752, 1820490250306881, 1820490250486065, 1820490250545046, 1820490250637378, 1820490332500289, 8192
1820491887869390, 1820491887870112, 1820491887967037, 1820491887987203, 1820491888142517, 1820491944972713, 16383
1820493526127521, 1820493526128206, 1820493526232131, 1820493526251482, 1820493526411184, 1820493580929366, 16383
1820495164440188, 1820495164440743, 1820495164520779, 1820495164539927, 1820495164686815, 1820495217240331, 16383
1820496802716762, 1820496802717336, 1820496802814150, 1820496802834317, 1820496802973056, 1820496855518443, 16383
1820498441050021, 1820498441050577, 1820498441152724, 1820498441172298, 1820498441316111, 1820498495573296, 16383
1820500079344651, 1820500079345465, 1820500079448483, 1820500079467075, 1820500079610333, 1820500134938322, 16383
1820501717213691, 1820501717214432, 1820501717315413, 1820501717334968, 1820501717372394, 1820501745373931, 8192
1820501745540651, 1820501745541281, 1820501745561170, 1820501745578003, 1820501745618076, 1820501771692725, 8191
1820502536163999, 1820502536164573, 1820502536256812, 1820502536276275, 1820502536313867, 1820502563678800, 8192
1820504175118195, 1820504175118769, 1820504175219120, 1820504175240212, 1820504175383859, 1820504227431787, 16383
1820505812856533, 1820505812857236, 1820505812959754, 1820505812980050, 1820505813017901, 1820505839994689, 8192
1820505840185058, 1820505840185688, 1820505840205873, 1820505840223558, 1820505840268983, 1820505866599259, 8191
1820507451710526, 1820507451711118, 1820507451812506, 1820507451832062, 1820507451975412, 1820507505682731, 16383
1820509090059523, 1820509090060190, 1820509090161745, 1820509090181133, 1820509090322539, 1820509147202716, 16383
1820510728344133, 1820510728344892, 1820510728444484, 1820510728464798, 1820510728606167, 1820510781910509, 16383
1820512368063820, 1820512368065709, 1820512368248522, 1820512368307596, 1820512368399354, 1820512446515931, 8192
1820512446903446, 1820512446905390, 1820512446978834, 1820512447030648, 1820512447119203, 1820512525175744, 8191
1820513186687852, 1820513186689722, 1820513186862610, 1820513186920776, 1820513187008553, 1820513267858418, 8192
1820514826967996, 1820514826969959, 1820514827154920, 1820514827213938, 1820514827556842, 1820514988108158, 16383
1820516462453429, 1820516462454244, 1820516462557187, 1820516462576817, 1820516462723000, 1820516515672494, 16383
1820518103559602, 1820518103561620, 1820518103743303, 1820518103801599, 1820518104224021, 1820518259952866, 16383
1820519740069542, 1820519740071505, 1820519740255373, 1820519740313151, 1820519740403798, 1820519820059601, 8192
1820519820491337, 1820519820493115, 1820519820568114, 1820519820620873, 1820519820711594, 1820519898741876, 8191
1820520559119087, 1820520559120939, 1820520559294975, 1820520559353363, 1820520559443010, 1820520637503458, 8192
1820522196527315, 1820522196527852, 1820522196625647, 1820522196644906, 1820522196788312, 1820522249125034, 16383
1820523836110150, 1820523836112002, 1820523836294185, 1820523836351684, 1820523836441498, 1820523959630703, 8192
1820523960426713, 1820523960428658, 1820523960524268, 1820523960578397, 1820523960673822, 1820524042885951, 8191
1820524654837124, 1820524654839013, 1820524654999993, 1820524655057937, 1820524655145047, 1820524733211402, 8192
1820526292325980, 1820526292326702, 1820526292426997, 1820526292447645, 1820526292587366, 1820526349438561, 16383
1820527930637956, 1820527930638660, 1820527930740640, 1820527930759455, 1820527930907287, 1820527982959900, 16383
1820529568930211, 1820529568930933, 1820529569028636, 1820529569047987, 1820529569192208, 1820529626065885, 16383
1820531207226520, 1820531207227224, 1820531207331223, 1820531207350278, 1820531207496573, 1820531259662797, 16383
1820532845527126, 1820532845527830, 1820532845623199, 1820532845642439, 1820532845784697, 1820532898941263, 16383
1820534483838657, 1820534483839213, 1820534483940897, 1820534483959989, 1820534484115636, 1820534540231450, 16383
1820536122141021, 1820536122141836, 1820536122245206, 1820536122264316, 1820536122406056, 1820536178350075, 16383
1820537760448182, 1820537760448885, 1820537760551884, 1820537760570569, 1820537760717883, 1820537816329183, 16383
1820539398724175, 1820539398724879, 1820539398826786, 1820539398845748, 1820539398988321, 1820539451109193, 16383
1820541037401646, 1820541037402350, 1820541037493627, 1820541037512738, 1820541037660366, 1820541093328944, 16383
1820542674661353, 1820542674662002, 1820542674765686, 1820542674787148, 1820542674822778, 1820542701759733, 8192
1820542701858602, 1820542701859584, 1820542701877454, 1820542701894954, 1820542701933342, 1820542728034139, 8191
1820543493841933, 1820543493842618, 1820543493933395, 1820543493951876, 1820543493992117, 1820543520145468, 8192
1820544312945013, 1820544312945717, 1820544313044049, 1820544313064475, 1820544313101900, 1820544339235530, 8191
1820545132205128, 1820545132205943, 1820545132306035, 1820545132326442, 1820545132364719, 1820545158500423, 8192
1820546770456140, 1820546770456992, 1820546770558250, 1820546770578120, 1820546770612953, 1820546797177875, 8192
1820546797271466, 1820546797272281, 1820546797289133, 1820546797305985, 1820546797348521, 1820546825820128, 8191
1820548408743706, 1820548408744428, 1820548408846094, 1820548408864927, 1820548408900001, 1820548435503089, 8192
1820548435610032, 1820548435610847, 1820548435629865, 1820548435646865, 1820548435690735, 1820548462611061, 8191
1820550047060198, 1820550047060920, 1820550047161660, 1820550047182196, 1820550047218789, 1820550075171234, 8192
1820550075323084, 1820550075323917, 1820550075343917, 1820550075361454, 1820550075403528, 1820550103347491, 8191
1820551686015109, 1820551686015812, 1820551686108663, 1820551686128959, 1820551686273069, 1820551738700438, 16383
1820553324327359, 1820553324328081, 1820553324428043, 1820553324446913, 1820553324594801, 1820553381019741, 16383
1820554962633943, 1820554962634646, 1820554962720145, 1820554962739034, 1820554962878811, 1820555016228485, 16383
1820556600939933, 1820556600940637, 1820556601035358, 1820556601054432, 1820556601194783, 1820556657218616, 16383
1820558239236517, 1820558239237072, 1820558239337775, 1820558239357793, 1820558239502014, 1820558291538220, 16383
1820559877648228, 1820559877648932, 1820559877752616, 1820559877771893, 1820559877916855, 1820559930714720, 16383
1820561515838849, 1820561515839552, 1820561515929755, 1820561515948940, 1820561516107272, 1820561572950986, 16383
1820563154163412, 1820563154164208, 1820563154267707, 1820563154287207, 1820563154425021, 1820563208949258, 16383
1820564792476457, 1820564792477161, 1820564792579604, 1820564792599345, 1820564792743769, 1820564845642559, 16383
1820566430715114, 1820566430715799, 1820566430816798, 1820566430835761, 1820566430974981, 1820566483030724, 16383
1820568069067621, 1820568069068324, 1820568069173619, 1820568069192712, 1820568069341840, 1820568126217146, 16383
1820569707307017, 1820569707307702, 1820569707408924, 1820569707427572, 1820569707569274, 1820569759606258, 16383
1820571345632450, 1820571345633135, 1820571345735486, 1820571345754652, 1820571345892558, 1820571402760050, 16383
1820572983911216, 1820572983911772, 1820572984023826, 1820572984045752, 1820572984184676, 1820573036242493, 16383
1820574622233204, 1820574622233889, 1820574622335592, 1820574622355869, 1820574622499238, 1820574675248956, 16383
1820576260523173, 1820576260523877, 1820576260624228, 1820576260643301, 1820576260788337, 1820576317879474, 16383
1820577898822309, 1820577898822883, 1820577898917808, 1820577898937030, 1820577899078158, 1820577953153510, 16383
1820579537211313, 1820579537211999, 1820579537308331, 1820579537327794, 1820579537468922, 1820579594318339, 16383
1820581175485393, 1820581175486189, 1820581175587577, 1820581175628410, 1820581175769464, 1820581229059473, 16383
1820582813519679, 1820582813520382, 1820582813623196, 1820582813642066, 1820582813681714, 1820582839828862, 8192
1820582839967676, 1820582839968472, 1820582839987064, 1820582840017712, 1820582840061027, 1820582868398171, 8191
1820584454860394, 1820584454862302, 1820584455004282, 1820584455062577, 1820584455407370, 1820584616152683, 16383
1820586092109798, 1820586092112039, 1820586092296870, 1820586092355907, 1820586092445795, 1820586172358761, 8192
1820586172556167, 1820586172558426, 1820586172622925, 1820586172673277, 1820586172741406, 1820586199409882, 8191
1820586908884454, 1820586908885028, 1820586908967323, 1820586908986842, 1820586909021137, 1820586937501207, 8192
1820588548613518, 1820588548615592, 1820588548804442, 1820588548862904, 1820588548950570, 1820588633613526, 8192
1820588634401111, 1820588634403241, 1820588634482166, 1820588634535610, 1820588634627313, 1820588714773425, 8191
1820590186932577, 1820590186934966, 1820590187125112, 1820590187182501, 1820590187268241, 1820590267443871, 8192
1820590267789571, 1820590267791386, 1820590267861385, 1820590267913848, 1820590268025550, 1820590349440020, 8191
1820591006126079, 1820591006128060, 1820591006307188, 1820591006366039, 1820591006453909, 1820591087451401, 8192
1820591823770818, 1820591823771633, 1820591823871409, 1820591823891631, 1820591823928631, 1820591850296332, 8191
1820592642958819, 1820592642959671, 1820592643051022, 1820592643071225, 1820592643104984, 1820592669225058, 8192
1820593462046118, 1820593462046859, 1820593462154061, 1820593462174616, 1820593462211079, 1820593489431198, 8191
1820594282661809, 1820594282663827, 1820594282845270, 1820594282905269, 1820594282991639, 1820594361069808, 8192
1820595101880365, 1820595101882291, 1820595102059456, 1820595102117548, 1820595102209584, 1820595180302198, 8191
1820595921024570, 1820595921026552, 1820595921200754, 1820595921258698, 1820595921345938, 1820595999418904, 8192
1820596740232368, 1820596740234330, 1820596740395884, 1820596740454347, 1820596740541901, 1820596820388572, 8191
1820597559280851, 1820597559283000, 1820597559446072, 1820597559504886, 1820597559592571, 1820597597528379, 8192
1820598376947349, 1820598376948053, 1820598377047607, 1820598377067089, 1820598377103236, 1820598403209125, 8191
1820599196154387, 1820599196155127, 1820599196256034, 1820599196277108, 1820599196311589, 1820599222422682, 8192
1820600015254629, 1820600015255518, 1820600015352128, 1820600015372998, 1820600015407776, 1820600041543405, 8191
1820600835855301, 1820600835857264, 1820600836117613, 1820600836181261, 1820600836280001, 1820600914355892, 8192
1820601654991858, 1820601654993784, 1820601655140042, 1820601655197708, 1820601655286022, 1820601733360265, 8191
1820602474198266, 1820602474200395, 1820602474389301, 1820602474447337, 1820602474538262, 1820602554929854, 8192
1820603293320008, 1820603293321952, 1820603293487099, 1820603293543839, 1820603293634634, 1820603371702378, 8191
1820604111090226, 1820604111091004, 1820604111191021, 1820604111211151, 1820604111248632, 1820604137907293, 8192
1820604930151913, 1820604930152654, 1820604930235875, 1820604930254764, 1820604930291578, 1820604956431504, 8191
1820605749354154, 1820605749354765, 1820605749460468, 1820605749481023, 1820605749520152, 1820605775651356, 8192
1820606569886845, 1820606569888752, 1820606570068583, 1820606570126583, 1820606570216804, 1820606651300500, 8191
1820607389125085, 1820607389127104, 1820607389298139, 1820607389356416, 1820607389443360, 1820607468246726, 8192
1820608208241234, 1820608208243419, 1820608208425510, 1820608208483954, 1820608208573712, 1820608287640835, 8191
1820609027353346, 1820609027355309, 1820609027531974, 1820609027590270, 1820609027680047, 1820609106636522, 8192
1820609845076027, 1820609845076879, 1820609845178749, 1820609845198193, 1820609845236970, 1820609871823873, 8191
1820610664255694, 1820610664256472, 1820610664351434, 1820610664371508, 1820610664408952, 1820610691068965, 8192
1820611483339380, 1820611483339954, 1820611483439268, 1820611483458787, 1820611483493397, 1820611509622231, 8191
1820612302552435, 1820612302553287, 1820612302669434, 1820612302689304, 1820612302731841, 1820612363099149, 8192
1820613123066570, 1820613123068737, 1820613123246402, 1820613123304698, 1820613123394011, 1820613201473200, 8191
1820613942264385, 1820613942266366, 1820613942430790, 1820613942488364, 1820613942576289, 1820614021950983, 8192
1820614761412274, 1820614761414348, 1820614761557606, 1820614761615179, 1820614761699419, 1820614839784570, 8191
1820615580595384, 1820615580597384, 1820615580765957, 1820615580821401, 1820615580908937, 1820615657190995, 8192
1820616398255251, 1820616398255973, 1820616398346232, 1820616398365731, 1820616398400564, 1820616425567739, 8191
1820617217443028, 1820617217443732, 1820617217543398, 1820617217563379, 1820617217601434, 1820617243719175, 8192
1820618036703175, 1820618036703879, 1820618036802211, 1820618036823304, 1820618036860229, 1820618063463743, 8191
1820618857237661, 1820618857239587, 1820618857420900, 1820618857480048, 1820618857571491, 1820618935652735, 8192
1820619676385309, 1820619676387105, 1820619676535122, 1820619676591566, 1820619676680732, 1820619754735828, 8191
1820620495481402, 1820620495483513, 1820620495661585, 1820620495721936, 1820620495809843, 1820620574393619, 8192
1820621314561754, 1820621314563717, 1820621314728826, 1820621314784585, 1820621314874177, 1820621392947513, 8191
1820622132376970, 1820622132377804, 1820622132475080, 1820622132495895, 1820622132532895, 1820622158656969, 8192
1820622951451822, 1820622951452674, 1820622951544599, 1820622951564969, 1820622951602062, 1820622977721525, 8191
1820623770646951, 1820623770647692, 1820623770746450, 1820623770766394, 1820623770805801, 1820623796933042, 8192
1820624591156048, 1820624591157955, 1820624591341065, 1820624591400897, 1820624591493267, 1820624673756913, 8191
1820625410352269, 1820625410354398, 1820625410532878, 1820625410589915, 1820625410681284, 1820625488781972, 8192
1820626229526564, 1820626229528657, 1820626229701062, 1820626229759247, 1820626229849339, 1820626307882064, 8191
1820627048844636, 1820627048846543, 1820627049022208, 1820627049080041, 1820627049171410, 1820627127304135, 8192
1820627866370410, 1820627866371262, 1820627866470594, 1820627866491131, 1820627866527686, 1820627893411105, 8191
1820628685545520, 1820628685546261, 1820628685641556, 1820628685661185, 1820628685696333, 1820628711806389, 8192
1820629504660704, 1820629504661278, 1820629504763407, 1820629504784370, 1820629504820962, 1820629530926240, 8191
1820630323876165, 1820630323876943, 1820630323986164, 1820630324068423, 1820630324113589, 1820630350252626, 8192
1820631144406373, 1820631144408354, 1820631144590130, 1820631144648222, 1820631144741777, 1820631222804798, 8191
1820631963586001, 1820631963587964, 1820631963744888, 1820631963802202, 1820631963886239, 1820632042040704, 8192
1820632786221280, 1820632786223428, 1820632786397074, 1820632786456185, 1820632786545036, 1820632873064547, 8191
1820633602058608, 1820633602060607, 1820633602234032, 1820633602292013, 1820633602381697, 1820633683380930, 8192
1820634419576196, 1820634419577011, 1820634419674177, 1820634419693714, 1820634419730695, 1820634451722303, 8191
1820635240200051, 1820635240201995, 1820635240381067, 1820635240439548, 1820635240529381, 1820635320037665, 8192
1820636059263031, 1820636059265087, 1820636059433900, 1820636059492048, 1820636059579528, 1820636137686753, 8191
1820636878607861, 1820636878610139, 1820636878784193, 1820636878842581, 1820636878931839, 1820636960648084, 8192
1820637697635916, 1820637697637972, 1820637697815822, 1820637697874025, 1820637697962043, 1820637758115575, 8191
1820638515342910, 1820638515343651, 1820638515443835, 1820638515464909, 1820638515501149, 1820638541631538, 8192
1820639334443650, 1820639334444261, 1820639334526704, 1820639334545649, 1820639334581093, 1820639360814369, 8191
1820640153646703, 1820640153647647, 1820640153728683, 1820640153748313, 1820640153787590, 1820640179908942, 8192
1820640972727794, 1820640972728498, 1820640972831330, 1820640972851848, 1820640972891552, 1820640999038718, 8191
1820641791951550, 1820641791952291, 1820641792074160, 1820641792096234, 1820641792132771, 1820641818269067, 8192
1820642611055234, 1820642611055975, 1820642611151900, 1820642611170770, 1820642611207362, 1820642637358177, 8191
1820643430253954, 1820643430254546, 1820643430346342, 1820643430366952, 1820643430406285, 1820643456554341, 8192
1820644253212265, 1820644253213414, 1820644253342505, 1820644253362671, 1820644253426578, 1820644279609226, 8191
1820645069992398, 1820645069994361, 1820645070151674, 1820645070210784, 1820645070297784, 1820645154500263, 8192
1820645889207191, 1820645889209339, 1820645889398689, 1820645889458244, 1820645889548706, 1820645969470598, 8191
1820646712108300, 1820646712110577, 1820646712310761, 1820646712372538, 1820646712466463, 1820646814863187, 8192
1820647527400224, 1820647527402428, 1820647527570667, 1820647527631333, 1820647527717851, 1820647605907315, 8191
1820648345167921, 1820648345168791, 1820648345270771, 1820648345291234, 1820648345327104, 1820648371558659, 8192
1820649164260956, 1820649164261511, 1820649164352936, 1820649164372658, 1820649164406769, 1820649192823283, 8191
1820649983448342, 1820649983449082, 1820649983537267, 1820649983557266, 1820649983594766, 1820650009771969, 8192
1820650802543173, 1820650802543913, 1820650802645672, 1820650802665523, 1820650802702541, 1820650829095483, 8191
1820651621757169, 1820651621757891, 1820651621855631, 1820651621876113, 1820651621910094, 1820651648787827, 8192
1820652440852630, 1820652440853352, 1820652440955092, 1820652440975462, 1820652441010721, 1820652467972879, 8191
1820653260127496, 1820653260128200, 1820653260227014, 1820653260247847, 1820653260282958, 1820653288014182, 8192
1820654079134976, 1820654079135717, 1820654079218346, 1820654079238419, 1820654079272327, 1820654105382030, 8191
1820654898342028, 1820654898342769, 1820654898486527, 1820654898509397, 1820654898545137, 1820654924684396, 8192
1820655717437303, 1820655717437896, 1820655717522988, 1820655717543395, 1820655717635375, 1820655743754079, 8191
1820656536665077, 1820656536665781, 1820656536762798, 1820656536783354, 1820656536818187, 1820656563778215, 8192
1820657355749574, 1820657355750149, 1820657355843944, 1820657355864240, 1820657355898888, 1820657382621678, 8191
1820658174943904, 1820658174944626, 1820658175046014, 1820658175067144, 1820658175102717, 1820658201230254, 8192
1820658994039883, 1820658994040457, 1820658994128400, 1820658994147974, 1820658994183029, 1820659020319789, 8191
1820659813242823, 1820659813243564, 1820659813342785, 1820659813362952, 1820659813398599, 1820659840337295, 8192
1820660632356820, 1820660632357431, 1820660632441282, 1820660632461338, 1820660632497319, 1820660660482115, 8191
1820661451551131, 1820661451551964, 1820661451646037, 1820661451666871, 1820661451702278, 1820661477835833, 8192
1820662270642165, 1820662270642887, 1820662270741886, 1820662270761775, 1820662270797219, 1820662296922015, 8191
1820663089844327, 1820663089845068, 1820663089942789, 1820663089963752, 1820663089998937, 1820663116130418, 8192
1820663908940769, 1820663908941509, 1820663909040638, 1820663909060638, 1820663909097341, 1820663935230841, 8191
1820664728161172, 1820664728161894, 1820664728254782, 1820664728274467, 1820664728309800, 1820664755179329, 8192
1820665547248520, 1820665547249113, 1820665547348630, 1820665547369352, 1820665547406000, 1820665573536759, 8191
1820666366437201, 1820666366437905, 1820666366523848, 1820666366544256, 1820666366579607, 1820666392691255, 8192
1820667188723073, 1820667188723814, 1820667188823480, 1820667188843165, 1820667188877368, 1820667214982702, 8191
1820668004729786, 1820668004730489, 1820668004833174, 1820668004853914, 1820668004888118, 1820668031513501, 8192
1820668823849375, 1820668823850115, 1820668823948725, 1820668823969207, 1820668824074446, 1820668851083437, 8191
1820669643059999, 1820669643060592, 1820669643158221, 1820669643178998, 1820669643215090, 1820669669328702, 8192
1820670462140496, 1820670462141237, 1820670462240106, 1820670462260902, 1820670462297328, 1820670488878379, 8191
1820671281342676, 1820671281343380, 1820671281443027, 1820671281463305, 1820671281497619, 1820671307607601, 8192
1820672100489190, 1820672100490042, 1820672100584078, 1820672100603986, 1820672100637133, 1820672126759596, 8191
1820672919650334, 1820672919650927, 1820672919750926, 1820672919770944, 1820672919806999, 1820672945931555, 8192
1820673738735589, 1820673738736330, 1820673738817218, 1820673738836774, 1820673738870699, 1820673764999292, 8191
1820674557946492, 1820674557947084, 1820674558035250, 1820674558055676, 1820674558090453, 1820674584608134, 8192
1820675377038895, 1820675377039599, 1820675377127005, 1820675377146875, 1820675377182560, 1820675405171097, 8191
1820676196257519, 1820676196258093, 1820676196360278, 1820676196381426, 1820676196415999, 1820676222640220, 8192
1820677015348441, 1820677015349052, 1820677015438514, 1820677015457884, 1820677015494977, 1820677041612847, 8191
1820677834597343, 1820677834597935, 1820677834704360, 1820677834725249, 1820677834758860, 1820677860968766, 8192
1820678655055695, 1820678655057677, 1820678655223360, 1820678655282823, 1820678655374433, 1820678733787784, 8191
1820679474278616, 1820679474280727, 1820679474457632, 1820679474516854, 1820679474608594, 1820679552699300, 8192
1820680293435314, 1820680293437555, 1820680293614183, 1820680293674071, 1820680293762181, 1820680371849221, 8191
1820681112646401, 1820681112648549, 1820681112826010, 1820681112884732, 1820681112976750, 1820681180205101, 8192
1820681930270004, 1820681930270819, 1820681930363225, 1820681930382780, 1820681930416873, 1820681956553446, 8191
1820682749451665, 1820682749452387, 1820682749543757, 1820682749563812, 1820682749599515, 1820682777195797, 8192
1820683568556679, 1820683568557419, 1820683568657881, 1820683568677918, 1820683568713473, 1820683597185339, 8191
1820684387745284, 1820684387745969, 1820684387839950, 1820684387859839, 1820684387894634, 1820684416367889, 8192
1820685206848761, 1820685206849501, 1820685206951500, 1820685206971889, 1820685207009333, 1820685233153759, 8191
1820686026043181, 1820686026043903, 1820686026130958, 1820686026150606, 1820686026185902, 1820686052314938, 8192
1820686845162176, 1820686845162750, 1820686845248008, 1820686845267600, 1820686845300693, 1820686871427267, 8191
1820687664352096, 1820687664352818, 1820687664450206, 1820687664469520, 1820687664507983, 1820687690682686, 8192
1820688483453498, 1820688483454220, 1820688483562460, 1820688483582589, 1820688483623274, 1820688509787681, 8191
1820689302644732, 1820689302645307, 1820689302746102, 1820689302766009, 1820689302802842, 1820689328924305, 8192
1820690121740172, 1820690121741024, 1820690121824578, 1820690121844819, 1820690121882744, 1820690149043141, 8191
1820690940947869, 1820690940948573, 1820690941049831, 1820690941070979, 1820690941110460, 1820690969117978, 8192
1820691760058975, 1820691760059771, 1820691760144937, 1820691760164511, 1820691760200788, 1820691786303047, 8191
1820692579245005, 1820692579245728, 1820692579344338, 1820692579364634, 1820692579402226, 1820692605525893, 8192
1820693398346000, 1820693398346722, 1820693398434851, 1820693398454888, 1820693398493313, 1820693424965421, 8191
1820694217545697, 1820694217546401, 1820694217699936, 1820694217725103, 1820694217762621, 1820694243886380, 8192
1820695036674710, 1820695036675450, 1820695036760635, 1820695036780598, 1820695036816893, 1820695062930412, 8191
1820695855849129, 1820695855849851, 1820695855951443, 1820695855972813, 1820695856088812, 1820695882154812, 8192
1820696674940475, 1820696674941198, 1820696675023845, 1820696675043308, 1820696675079881, 1820696702891605, 8191
1820697494149450, 1820697494150191, 1820697494248282, 1820697494268504, 1820697494304208, 1820697520432133, 8192
1820698314657319, 1820698314659301, 1820698314837354, 1820698314897909, 1820698314989371, 1820698393085318, 8191
1820699136134956, 1820699136137308, 1820699136335565, 1820699136394046, 1820699136487490, 1820699227021628, 8192
1820699953023639, 1820699953025620, 1820699953202767, 1820699953262229, 1820699953353228, 1820700031466304, 8191
1820700772190262, 1820700772192243, 1820700772366279, 1820700772425222, 1820700772512296, 1820700850595576, 8192
1820701589860492, 1820701589861233, 1820701589941899, 1820701589961047, 1820701589998194, 1820701616615171, 8191
1820702409045633, 1820702409046244, 1820702409152521, 1820702409172002, 1820702409214039, 1820702435838904, 8192
1820703228165145, 1820703228166145, 1820703228267589, 1820703228288126, 1820703228325107, 1820703255042063, 8191
1820704047349879, 1820704047350620, 1820704047445785, 1820704047465989, 1820704047502285, 1820704073630729, 8192
1820704866441317, 1820704866442021, 1820704866517446, 1820704866536872, 1820704866571519, 1820704892692186, 8191
1820705685648365, 1820705685648958, 1820705685751197, 1820705685772493, 1820705685808271, 1820705712928242, 8192
1820706504732785, 1820706504733488, 1820706504823247, 1820706504843172, 1820706504878709, 1820706531647351, 8191
1820707323994443, 1820707323995165, 1820707324106312, 1820707324126386, 1820707324162497, 1820707350796140, 8192
1820708143048326, 1820708143049030, 1820708143147140, 1820708143167936, 1820708143203991, 1820708169322824, 8191
1820708962243429, 1820708962244152, 1820708962343669, 1820708962363465, 1820708962398872, 1820708989227087, 8192
1820709781342256, 1820709781342978, 1820709781440200, 1820709781460792, 1820709781495717, 1820709809955231, 8191
1820710600567378, 1820710600568211, 1820710600637877, 1820710600657284, 1820710600695913, 1820710626841154, 8192
1820711419646167, 1820711419646889, 1820711419738648, 1820711419758962, 1820711419795110, 1820711445930128, 8191
1820712238848678, 1820712238849400, 1820712238947288, 1820712238967140, 1820712239002473, 1820712266393626, 8192
1820713057948875, 1820713057949634, 1820713058060707, 1820713058081188, 1820713058117743, 1820713085674395, 8191
1820713878527890, 1820713878529908, 1820713878704481, 1820713878764239, 1820713878852572, 1820713956940315, 8192
1820714697711493, 1820714697713437, 1820714697887862, 1820714697946102, 1820714698035268, 1820714776495359, 8191
1820715516933559, 1820715516935688, 1820715517114298, 1820715517170853, 1820715517260574, 1820715653961160, 8192
1820716335990052, 1820716335992144, 1820716336205031, 1820716336264383, 1820716336351715, 1820716415599817, 8191
1820717156745454, 1820717156746176, 1820717156844823, 1820717156865212, 1820717156900360, 1820717183026212, 8192
1820717972845180, 1820717972846014, 1820717972941253, 1820717972960549, 1820717972996827, 1820717999169030, 8191
1820718792051116, 1820718792051838, 1820718792135171, 1820718792155745, 1820718792192281, 1820718818351633, 8192
1820719612604131, 1820719612606113, 1820719612783444, 1820719612842722, 1820719612937795, 1820719691034537, 8191
1820720431780364, 1820720431782364, 1820720431957399, 1820720432085416, 1820720432180304, 1820720512911354, 8192
1820721251003133, 1820721251005373, 1820721251187538, 1820721251247482, 1820721251338463, 1820721329403502, 8191
1820722070155402, 1820722070157421, 1820722070314493, 1820722070372233, 1820722070459547, 1820722148617512, 8192
1820722887762039, 1820722887762632, 1820722887854834, 1820722887875371, 1820722887911612, 1820722914048185, 8191
1820723706944030, 1820723706944882, 1820723707045455, 1820723707065307, 1820723707101510, 1820723733794023, 8192
1820724526052560, 1820724526053282, 1820724526156521, 1820724526176669, 1820724526213854, 1820724552356946, 8191
1820725345256199, 1820725345256939, 1820725345356531, 1820725345377401, 1820725345414493, 1820725436239239, 8192
1820726164760298, 1820726164761020, 1820726164853538, 1820726164873297, 1820726164907204, 1820726193387995, 8191
1820726983580219, 1820726983580941, 1820726983667199, 1820726983687606, 1820726983723995, 1820727011191629, 8192
1820727802651285, 1820727802651859, 1820727802741747, 1820727802761080, 1820727802796487, 1820727828951820, 8191
1820728621862961, 1820728621863683, 1820728621961423, 1820728621982052, 1820728622017830, 1820728648133348, 8192
1820729440966101, 1820729440966786, 1820729441073637, 1820729441093692, 1820729441133358, 1820729468785732, 8191
1820730260184350, 1820730260185036, 1820730260285312, 1820730260306275, 1820730260343034, 1820730288811103, 8192
1820731899114937, 1820731899115660, 1820731899215936, 1820731899235529, 1820731899379157, 1820731951457621, 16383
1820733537430086, 1820733537430642, 1820733537532492, 1820733537551640, 1820733537695435, 1820733591242274, 16383
1820735175726586, 1820735175727160, 1820735175811123, 1820735175830141, 1820735175972139, 1820735232838019, 16383
1820736814006179, 1820736814006864, 1820736814109197, 1820736814128215, 1820736814269695, 1820736869854254, 16383
1820738452103274, 1820738452103977, 1820738452206495, 1820738452226235, 1820738452268383, 1820738480771952, 8192
1820738480936024, 1820738480936635, 1820738480956320, 1820738480973561, 1820738481014412, 1820738507103005, 8191
1820739270848935, 1820739270849638, 1820739270950656, 1820739270970767, 1820739271009285, 1820739298966026, 8192
1820740909808557, 1820740909809298, 1820740909912075, 1820740909932575, 1820740910074073, 1820740963145194, 16383
1820742548151482, 1820742548152019, 1820742548248499, 1820742548268425, 1820742548419164, 1820742605281488, 16383
1820744185829228, 1820744185829931, 1820744185935301, 1820744185954412, 1820744185991985, 1820744212662017, 8192
1820744213568971, 1820744213569656, 1820744213614637, 1820744213634822, 1820744213681062, 1820744240675201, 8191
1820745824723665, 1820745824724406, 1820745824822145, 1820745824842034, 1820745824984385, 1820745879152365, 16383
1820747463017589, 1820747463018312, 1820747463108959, 1820747463128125, 1820747463260309, 1820747516088266, 16383
1820749101329476, 1820749101330180, 1820749101432123, 1820749101451975, 1820749101595066, 1820749155146330, 16383
1820750739719029, 1820750739719844, 1820750739825657, 1820750739845435, 1820750739985804, 1820750793346792, 16383
1820751558150026, 1820751558150711, 1820751558240858, 1820751558261043, 1820751558294969, 1820751586559595, 8192
1820752377248293, 1820752377249090, 1820752377346922, 1820752377367533, 1820752377404385, 1820752449720203, 8191
1820753197990786, 1820753197992786, 1820753198174765, 1820753198232783, 1820753198321542, 1820753276408062, 8192
1820754838219356, 1820754838221134, 1820754838394910, 1820754838456280, 1820754838788277, 1820754996823540, 16383
1820756473743474, 1820756473744270, 1820756473850269, 1820756473869621, 1820756474014915, 1820756526880649, 16383
1820758112027378, 1820758112027934, 1820758112130729, 1820758112149303, 1820758112293042, 1820758165044666, 16383
1820759753708322, 1820759753710545, 1820759753895617, 1820759753953302, 1820759754048338, 1820759832205894, 8192
1820759832430929, 1820759832433170, 1820759832496206, 1820759832548224, 1820759832636371, 1820759913119460, 8191
1820761391464658, 1820761391466602, 1820761391648841, 1820761391707007, 1820761392085262, 1820761556064188, 16383
1820763026976181, 1820763026976959, 1820763027081125, 1820763027101013, 1820763027254271, 1820763080117820, 16383
1820764665237270, 1820764665237955, 1820764665325510, 1820764665344510, 1820764665495101, 1820764720324908, 16383
1820766303515784, 1820766303516507, 1820766303620672, 1820766303639172, 1820766303784152, 1820766358303666, 16383
1820767941841631, 1820767941842335, 1820767941934612, 1820767941954649, 1820767942094388, 1820767995253156, 16383
1820769580369587, 1820769580370291, 1820769580470253, 1820769580489549, 1820769580638066, 1820769634053646, 16383
1820771218558583, 1820771218559287, 1820771218659749, 1820771218679360, 1820771218822914, 1820771270872674, 16383
1820772856742635, 1820772856743209, 1820772856832893, 1820772856851708, 1820772856991651, 1820772911625108, 16383
1820774495057832, 1820774495058629, 1820774495160276, 1820774495179868, 1820774495324015, 1820774549878880, 16383
1820776133345919, 1820776133346604, 1820776133448529, 1820776133467770, 1820776133609880, 1820776190477277, 16383
1820777771637321, 1820777771638135, 1820777771742634, 1820777771762153, 1820777771909799, 1820777824637942, 16383
1820779409902259, 1820779409902981, 1820779410005443, 1820779410024943, 1820779410167497, 1820779462949880, 16383
1820781048252178, 1820781048252845, 1820781048356769, 1820781048376399, 1820781048518157, 1820781101864238, 16383
1820782686507412, 1820782686507968, 1820782686603708, 1820782686622615, 1820782686763058, 1820782740049658, 16383
1820784324852571, 1820784324853256, 1820784324954793, 1820784324974200, 1820784325118883, 1820784379400122, 16383
1820785963118342, 1820785963118916, 1820785963221323, 1820785963240433, 1820785963383228, 1820786015468451, 16383
1820787601413186, 1820787601414242, 1820787601514371, 1820787601533611, 1820787601671517, 1820787658345917, 16383
1820789239724549, 1820789239725253, 1820789239826381, 1820789239845992, 1820789239987898, 1820789292046529, 16383
1820790878031596, 1820790878032318, 1820790878132429, 1820790878152577, 1820790878295408, 1820790935177806, 16383
1820792516326162, 1820792516326866, 1820792516431031, 1820792516450402, 1820792516592548, 1820792568802677, 16383
1820794154636116, 1820794154636876, 1820794154738541, 1820794154757263, 1820794154902521, 1820794207034984, 16383
1820795792964848, 1820795792965663, 1820795793066828, 1820795793086884, 1820795793231382, 1820795845755045, 16383
1820797431231636, 1820797431232302, 1820797431333320, 1820797431353431, 1820797431495911, 1820797483563615, 16383
1820799069318147, 1820799069318814, 1820799069418424, 1820799069438331, 1820799069476405, 1820799095611682, 8192
1820799095955641, 1820799095956290, 1820799095987678, 1820799096025030, 1820799096070807, 1820799124103528, 8191
1820799888075785, 1820799888076359, 1820799888167580, 1820799888187302, 1820799888223858, 1820799914353968, 8192
1820801527016325, 1820801527017065, 1820801527115601, 1820801527136083, 1820801527277970, 1820801579319860, 16383
1820803165351055, 1820803165351592, 1820803165450276, 1820803165469517, 1820803165614423, 1820803219491591, 16383
1820804803645508, 1820804803646175, 1820804803751266, 1820804803770599, 1820804803910172, 1820804860780532, 16383
1820806441675574, 1820806441676259, 1820806441777333, 1820806441796684, 1820806441833276, 1820806468573566, 8192
1820806468737861, 1820806468738472, 1820806468759749, 1820806468776953, 1820806468818471, 1820806495946535, 8191
1820807260461008, 1820807260461693, 1820807260550933, 1820807260570859, 1820807260604803, 1820807287586608, 8192
1820808899457027, 1820808899457731, 1820808899557656, 1820808899577674, 1820808899718543, 1820808951773396, 16383
1820810537731165, 1820810537731868, 1820810537833738, 1820810537852978, 1820810537994384, 1820810594841578, 16383
1820812176041098, 1820812176041801, 1820812176138634, 1820812176157671, 1820812176195541, 1820812202525390, 8192
1820812202651055, 1820812202651889, 1820812202685222, 1820812202703166, 1820812202747091, 1820812229497899, 8191
1820813814341234, 1820813814342068, 1820813814444752, 1820813814464270, 1820813814612343, 1820813866691621, 16383
1820815452646074, 1820815452646760, 1820815452747110, 1820815452766684, 1820815452908109, 1820815508598722, 16383
1820817090933507, 1820817090934192, 1820817091038228, 1820817091057061, 1820817091209134, 1820817145981312, 16383
1820818729225847, 1820818729226421, 1820818729327957, 1820818729347271, 1820818729490622, 1820818785486713, 16383
1820820367533279, 1820820367534075, 1820820367635222, 1820820367654611, 1820820367794869, 1820820420762527, 16383
1820822005806951, 1820822005807655, 1820822005911413, 1820822005930691, 1820822006073319, 1820822058503039, 16383
1820823644204123, 1820823644204660, 1820823644306029, 1820823644325529, 1820823644471935, 1820823701349369, 16383
1820825282405444, 1820825282406148, 1820825282497832, 1820825282516683, 1820825282662571, 1820825334712127, 16383
1820826920108381, 1820826920109066, 1820826920210232, 1820826920230213, 1820826920267750, 1820826946414545, 8192
1820826946573451, 1820826946574210, 1820826946594192, 1820826946611969, 1820826946653746, 1820826972711024, 8191
1820828559023028, 1820828559023880, 1820828559126082, 1820828559146156, 1820828559287618, 1820828612461385, 16383
1820830197330514, 1820830197331254, 1820830197427902, 1820830197447290, 1820830197591104, 1820830252175320, 16383
1820831835987681, 1820831835988329, 1820831836103587, 1820831836123013, 1820831836267253, 1820831893114743, 16383
1820833473956522, 1820833473957578, 1820833474061243, 1820833474080373, 1820833474222371, 1820833527364602, 16383
1820835115001239, 1820835115003258, 1820835115185941, 1820835115243552, 1820835115585382, 1820835282244835, 16383
1820836752068348, 1820836752070292, 1820836752252661, 1820836752309438, 1820836752400585, 1820836830475105, 8192
1820836830910064, 1820836830912101, 1820836830980470, 1820836831031248, 1820836831118228, 1820836868025954, 8191
1820837569140204, 1820837569140796, 1820837569233666, 1820837569253777, 1820837569289980, 1820837596447747, 8192
1820839208023646, 1820839208024349, 1820839208122404, 1820839208142367, 1820839208324772, 1820839262328550, 16383
1820840846350204, 1820840846351000, 1820840846453740, 1820840846473369, 1820840846619294, 1820840900484017, 16383
1820842484647559, 1820842484648262, 1820842484739502, 1820842484758428, 1820842484903593, 1820842538499338, 16383
1820844122918265, 1820844122918969, 1820844123021412, 1820844123040857, 1820844123187837, 1820844176361826, 16383
1820845761239693, 1820845761240397, 1820845761337414, 1820845761356396, 1820845761496376, 1820845814329906, 16383
1820847399520270, 1820847399520973, 1820847399609509, 1820847399628935, 1820847399771711, 1820847452376762, 16383
1820849037825512, 1820849037826271, 1820849037928585, 1820849037947696, 1820849038084732, 1820849093336553, 16383
1820850676129365, 1820850676130069, 1820850676231253, 1820850676250698, 1820850676394992, 1820850731970606, 16383
1820852314419960, 1820852314420663, 1820852314515977, 1820852314536162, 1820852314673142, 1820852366719828, 16383
1820853952744257, 1820853952744831, 1820853952847293, 1820853952866626, 1820853953011310, 1820854009876911, 16383
1820855591011462, 1820855591012184, 1820855591104738, 1820855591124183, 1820855591266626, 1820855643319441, 16383
1820857229346869, 1820857229347684, 1820857229452091, 1820857229472350, 1820857229617996, 1820857286505949, 16383
1820858867657999, 1820858867658981, 1820858867761795, 1820858867781109, 1820858867925441, 1820858921279781, 16383
1820860505909111, 1820860505909833, 1820860506011888, 1820860506031091, 1820860506173794, 1820860558766993, 16383
1820862144253166, 1820862144253740, 1820862144355850, 1820862144374628, 1820862144516589, 1820862198838419, 16383
1820863782511481, 1820863782512203, 1820863782613850, 1820863782633295, 1820863782773941, 1820863836337575, 16383
1820865420847665, 1820865420848202, 1820865420947831, 1820865420966923, 1820865421109922, 1820865476787609, 16383
1820867059118739, 1820867059119424, 1820867059219923, 1820867059238571, 1820867059382681, 1820867112900593, 16383
1820868697734661, 1820868697735346, 1820868697839474, 1820868697858863, 1820868698006195, 1820868751498163, 16383
1820870335732570, 1820870335733403, 1820870335836421, 1820870335856531, 1820870336029030, 1820870390945002, 16383
1820871974043290, 1820871974043994, 1820871974139049, 1820871974158548, 1820871974296047, 1820872031177889, 16383
1820873615133409, 1820873615135353, 1820873615323666, 1820873615382351, 1820873615710329, 1820873773558296, 16383
1820875252071643, 1820875252073532, 1820875252256326, 1820875252314344, 1820875252406751, 1820875338466839, 8192
1820875338926760, 1820875338928575, 1820875338997908, 1820875339049759, 1820875339137480, 1820875417986955, 8191
1820876070667295, 1820876070669258, 1820876070845331, 1820876070903645, 1820876070994403, 1820876150467057, 8192
1820877708054543, 1820877708055265, 1820877708154431, 1820877708173523, 1820877708215356, 1820877736350354, 8192
1820877736496315, 1820877736497112, 1820877736516315, 1820877736533074, 1820877736578907, 1820877762776795, 8191
1820879347951247, 1820879347953210, 1820879348493056, 1820879348560333, 1820879363332853, 1820879480615464, 8192
1820879480855536, 1820879480857813, 1820879480922442, 1820879480976034, 1820879481067237, 1820879559297144, 8191
1820880166733619, 1820880166735712, 1820880166915266, 1820880166972080, 1820880167300447, 1820880247657351, 8192
1820881803258912, 1820881803259486, 1820881803358411, 1820881803377577, 1820881803415892, 1820881830393253, 8192
1820881830563973, 1820881830564603, 1820881830584529, 1820881830601306, 1820881830639139, 1820881856742306, 8191
1820883442205939, 1820883442206661, 1820883442302846, 1820883442322605, 1820883442464474, 1820883496275846, 16383
1820885083304260, 1820885083306204, 1820885083482017, 1820885083541424, 1820885083882939, 1820885239816703, 16383
1820886720290232, 1820886720292380, 1820886720469916, 1820886720528063, 1820886720619303, 1820886798709396, 8192
1820886799140448, 1820886799142540, 1820886799217373, 1820886799269261, 1820886799357131, 1820886877364743, 8191
1820887539420138, 1820887539422119, 1820887539581025, 1820887539639062, 1820887539732079, 1820887621028437, 8192
1820889176335351, 1820889176335907, 1820889176430276, 1820889176449517, 1820889176587849, 1820889233456672, 16383
1820890816063833, 1820890816065796, 1820890816233646, 1820890816293108, 1820890816376200, 1820890894522719, 8192
1820890894866271, 1820890894868475, 1820890894953937, 1820890895007510, 1820890895102028, 1820890976635624, 8191
1820891634622299, 1820891634624299, 1820891634807409, 1820891634867316, 1820891634958852, 1820891715574920, 8192
1820893274943886, 1820893274945738, 1820893275125810, 1820893275185050, 1820893275516232, 1820893441532858, 16383
1820894910440927, 1820894910441890, 1820894910548352, 1820894910568000, 1820894910717851, 1820894962777018, 16383
1820896548750459, 1820896548751182, 1820896548851606, 1820896548871217, 1820896549017012, 1820896620361691, 16383
1820898188103110, 1820898188105036, 1820898188279942, 1820898188340404, 1820898188427848, 1820898266493886, 8192
1820898266945418, 1820898266947252, 1820898267013343, 1820898267064880, 1820898267153398, 1820898345190640, 8191
1820899007063943, 1820899007065832, 1820899007245811, 1820899007305274, 1820899007394347, 1820899085450200, 8192
1820900643883341, 1820900643884063, 1820900643985136, 1820900644727147, 1820900644768313, 1820900670892257, 8192
1820900670987256, 1820900670988089, 1820900671005348, 1820900671022237, 1820900671066644, 1820900697192347, 8191
1820902282854680, 1820902282855754, 1820902282974882, 1820902282995734, 1820902283153084, 1820902336516757, 16383
1820903922058535, 1820903922060517, 1820903922246089, 1820903922304792, 1820903922395124, 1820904000691771, 8192
1820904001676724, 1820904001678595, 1820904001783464, 1820904001836056, 1820904001928796, 1820904080028741, 8191
1820904741177217, 1820904741179514, 1820904741355512, 1820904741414104, 1820904741504010, 1820904819560289, 8192
1820906378623034, 1820906378623756, 1820906378725404, 1820906378746477, 1820906378885791, 1820906432526164, 16383
1820908016956083, 1820908016956879, 1820908017054563, 1820908017073359, 1820908017229006, 1820908069275988, 16383
1820909657994419, 1820909657996326, 1820909658176936, 1820909658236213, 1820909658580617, 1820909814370048, 16383
1820911296158691, 1820911296160709, 1820911296342615, 1820911296401559, 1820911296489299, 1820911378982904, 8192
1820911379437992, 1820911379439806, 1820911379516472, 1820911379568935, 1820911379657878, 1820911457810378, 8191
1820912112089182, 1820912112089904, 1820912112183959, 1820912112203588, 1820912112240773, 1820912138376976, 8192
1820913751013094, 1820913751013816, 1820913751111167, 1820913751130686, 1820913751277425, 1820913804552784, 16383
1820915388737333, 1820915388738037, 1820915388830091, 1820915388848795, 1820915388887683, 1820915415052719, 8192
1820915415222403, 1820915415222995, 1820915415244106, 1820915415260495, 1820915415297457, 1820915441391179, 8191
1820917027723651, 1820917027724374, 1820917027825132, 1820917027844354, 1820917027986852, 1820917083479800, 16383
1820918665934274, 1820918665935070, 1820918666042995, 1820918666062309, 1820918666210826, 1820918723092538, 16383
1820920304223284, 1820920304223987, 1820920304324505, 1820920304344264, 1820920304486966, 1820920359192514, 16383
1820921942539978, 1820921942540756, 1820921942642033, 1820921942661774, 1820921942802291, 1820921994846995, 16383
1820923580850599, 1820923580851173, 1820923580953524, 1820923580972116, 1820923581121670, 1820923637993919, 16383
1820925219240644, 1820925219241459, 1820925219342643, 1820925219361940, 1820925219510197, 1820925274833073, 16383
1820926857414062, 1820926857414766, 1820926857517357, 1820926857536672, 1820926857677448, 1820926914533123, 16383
1820928495780737, 1820928495781441, 1820928495877403, 1820928495896736, 1820928496108937, 1820928548648526, 16383
1820930136062244, 1820930136064096, 1820930136240354, 1820930136298242, 1820930136387334, 1820930216367797, 8192
1820930216670831, 1820930216673127, 1820930216744664, 1820930216796719, 1820930216888995, 1820930294965941, 8191
1820930968082704, 1820930968084870, 1820930968288091, 1820930968346572, 1820930968443737, 1820931090195581, 8192
1820932591533249, 1820932591534101, 1820932591622433, 1820932591641785, 1820932591782246, 1820932648670976, 16383
1820934229811035, 1820934229811738, 1820934229913423, 1820934229932571, 1820934230075643, 1820934286821671, 16383
1820935868035228, 1820935868035914, 1820935868138116, 1820935868158190, 1820935868196560, 1820935894338744, 8192
1820935894471058, 1820935894471910, 1820935894490910, 1820935894507761, 1820935894548816, 1820935922999218, 8191
1820937506412198, 1820937506412772, 1820937506514197, 1820937506533864, 1820937506677695, 1820937560759028, 16383
1820939144472023, 1820939144472763, 1820939144574688, 1820939144594040, 1820939144634502, 1820939173121867, 8192
1820939173253347, 1820939173254144, 1820939173276014, 1820939173294217, 1820939173335532, 1820939199410328, 8191
1820940783029120, 1820940783029805, 1820940783115026, 1820940783134304, 1820940783279691, 1820940837248765, 16383
1820942420831854, 1820942420832650, 1820942420932390, 1820942420951927, 1820942420989241, 1820942448322006, 8192
1820942448485578, 1820942448486171, 1820942448505856, 1820942448522282, 1820942448559985, 1820942474624855, 8191
1820943239848905, 1820943239849627, 1820943239944367, 1820943239964422, 1820943240021921, 1820943266705526, 8192
1820944878812293, 1820944878812997, 1820944878893552, 1820944878912885, 1820944879053217, 1820944931109717, 16383
1820946517139985, 1820946517140688, 1820946517300353, 1820946517329520, 1820946517472537, 1820946571011930, 16383
1820948155419546, 1820948155420361, 1820948155519675, 1820948155538915, 1820948155672729, 1820948208778608, 16383
1820949793718571, 1820949793719385, 1820949793811459, 1820949793830940, 1820949793972864, 1820949847284426, 16383
1820951432043631, 1820951432044317, 1820951432145704, 1820951432165371, 1820951432309518, 1820951484907994, 16383
1820953070339174, 1820953070339970, 1820953070435284, 1820953070454802, 1820953070595931, 1820953122659153, 16383
1820954708651438, 1820954708652234, 1820954708756511, 1820954708776400, 1820954708921435, 1820954761470523, 16383
1820956346915054, 1820956346915739, 1820956347016924, 1820956347037220, 1820956347180885, 1820956399465105, 16383
1820957984768100, 1820957984768786, 1820957984870581, 1820957984891173, 1820957984929858, 1820958011167375, 8192
1820958012152143, 1820958012152846, 1820958012219272, 1820958012241327, 1820958012288345, 1820958039002301, 8191
1820958803751743, 1820958803752484, 1820958803852964, 1820958803873094, 1820958803913149, 1820958830286849, 8192
1820960442715815, 1820960442716556, 1820960442816666, 1820960442837054, 1820960442983201, 1820960499072661, 16383
1820962081043522, 1820962081044356, 1820962081143188, 1820962081163428, 1820962081308501, 1820962136608043, 16383
1820963719328804, 1820963719329471, 1820963719427914, 1820963719447284, 1820963719591709, 1820963771675042, 16383
1820965357605363, 1820965357606067, 1820965357708455, 1820965357727510, 1820965357873268, 1820965411761935, 16383
1820966995945663, 1820966995946496, 1820966996076698, 1820966996098735, 1820966996246715, 1820967049068041, 16383
1820968634215758, 1820968634216462, 1820968634317220, 1820968634335868, 1820968634479478, 1820968690043092, 16383
1820970272548354, 1820970272549039, 1820970272649353, 1820970272669389, 1820970272815036, 1820970325364439, 16383
1820971910812468, 1820971910813023, 1820971910914781, 1820971910934226, 1820971911079817, 1820971963116447, 16383
1820973549150284, 1820973549151007, 1820973549247302, 1820973549266617, 1820973549411430, 1820973601907759, 16383
1820975187411528, 1820975187412102, 1820975187501397, 1820975187520304, 1820975187663025, 1820975242173075, 16383
1820976825722215, 1820976825722770, 1820976825825621, 1820976825845510, 1820976825988323, 1820976878779353, 16383
1820978464021976, 1820978464022661, 1820978464118715, 1820978464137975, 1820978464282010, 1820978520744281, 16383
1820980102310348, 1820980102310903, 1820980102413272, 1820980102432828, 1820980102577604, 1820980154625012, 16383
1820981740647052, 1820981740647756, 1820981740748736, 1820981740768273, 1820981740910938, 1820981795188231, 16383
1820983378924701, 1820983378925387, 1820983379017089, 1820983379036793, 1820983379178903, 1820983431246680, 16383
1820985017234276, 1820985017234961, 1820985017338405, 1820985017358497, 1820985017501774, 1820985070536412, 16383
1820986655561221, 1820986655561906, 1820986655665053, 1820986655684646, 1820986655829366, 1820986708712192, 16383
1820988293818388, 1820988293818962, 1820988293911906, 1820988293931443, 1820988294077478, 1820988346679066, 16383
1820989932054704, 1820989932055482, 1820989932155462, 1820989932174110, 1820989932211054, 1820989958371053, 8192
1820989958523736, 1820989958524348, 1820989958544162, 1820989958562125, 1820989958601662, 1820989984678643, 8191
1820990750656144, 1820990750656737, 1820990750752403, 1820990750772514, 1820990750807995, 1820990778748920, 8192
1820992389608841, 1820992389609582, 1820992389707914, 1820992389728803, 1820992389868265, 1820992442320890, 16383
1820994028024784, 1820994028025580, 1820994028129153, 1820994028148024, 1820994028289281, 1820994177404463, 16383
1820995668115154, 1820995668117154, 1820995668295949, 1820995668353633, 1820995668446151, 1820995746575891, 8192
1820995751909172, 1820995751912098, 1820995752136929, 1820995752195521, 1820995752291131, 1820995830730998, 8191
1820996486404579, 1820996486406283, 1820996486567596, 1820996486624021, 1820996486828519, 1820996567793620, 8192
1820998123719495, 1820998123720199, 1820998123816272, 1820998123836068, 1820998123985622, 1820998180512670, 16383
1820999762047105, 1820999762047919, 1820999762151048, 1820999762170122, 1820999762331787, 1820999814474323, 16383
1821001400264771, 1821001400265326, 1821001400369399, 1821001400388751, 1821001400425028, 1821001426671008, 8192
1821001428116197, 1821001428116901, 1821001428194104, 1821001428207974, 1821001428254733, 1821001454471268, 8191
1821003039129319, 1821003039130041, 1821003039222540, 1821003039242355, 1821003039391668, 1821003095606775, 16383
1821004676935914, 1821004676936599, 1821004677030635, 1821004677049376, 1821004677195449, 1821004730776859, 16383
1821006315225875, 1821006315226430, 1821006315326855, 1821006315345911, 1821006315489613, 1821006367571261, 16383
1821007953530632, 1821007953531335, 1821007953623705, 1821007953643871, 1821007953788536, 1821008009112745, 16383
1821009591838296, 1821009591838851, 1821009591940054, 1821009591959331, 1821009592117774, 1821009644170571, 16383
1821011230150070, 1821011230150904, 1821011230252736, 1821011230272273, 1821011230414660, 1821011283317855, 16383
1821012868039275, 1821012868039997, 1821012868130681, 1821012868150070, 1821012868186699, 1821012896283901, 8192
1821012896445529, 1821012896446140, 1821012896464769, 1821012896481454, 1821012896520547, 1821012923168744, 8191
1821014506711453, 1821014506712194, 1821014506816156, 1821014506836803, 1821014506980987, 1821014559055080, 16383
1821016144462732, 1821016144463436, 1821016144560046, 1821016144579583, 1821016144618027, 1821016171994606, 8192
1821016172177845, 1821016172178456, 1821016172200919, 1821016172218030, 1821016172257826, 1821016200668802, 8191
1821017783331315, 1821017783332038, 1821017783421018, 1821017783441018, 1821017783583220, 1821017835626683, 16383
1821019421616367, 1821019421617089, 1821019421717644, 1821019421737810, 1821019421881309, 1821019474696524, 16383
1821021059929159, 1821021059929844, 1821021060087083, 1821021060112009, 1821021060252582, 1821021112317081, 16383
1821022698208266, 1821022698208821, 1821022698301783, 1821022698320876, 1821022698465263, 1821022750519596, 16383
1821024336538853, 1821024336539649, 1821024336641722, 1821024336661426, 1821024336895905, 1821024388882758, 16383
1821025974210595, 1821025974211151, 1821025974313335, 1821025974333483, 1821025974367982, 1821026000500555, 8192
1821026000662239, 1821026000662850, 1821026000682109, 1821026000699831, 1821026000737923, 1821026026897107, 8191
1821027613136121, 1821027613136732, 1821027613232583, 1821027613252342, 1821027613393118, 1821027667737429, 16383
1821029251463541, 1821029251464319, 1821029251569540, 1821029251588854, 1821029251732983, 1821029306225736, 16383
1821030889709961, 1821030889710702, 1821030889811460, 1821030889830590, 1821030889969811, 1821030942032014, 16383
1821032528035270, 1821032528035974, 1821032528135621, 1821032528154899, 1821032528295805, 1821032581245203, 16383
1821034166313690, 1821034166314394, 1821034166413856, 1821034166433281, 1821034166574002, 1821034218626224, 16383
1821035804728275, 1821035804728868, 1821035804827644, 1821035804846366, 1821035804992828, 1821035857859505, 16383
1821037442922973, 1821037442923695, 1821037443023972, 1821037443043194, 1821037443182415, 1821037495559208, 16383
1821039081252503, 1821039081253281, 1821039081352984, 1821039081371780, 1821039081519593, 1821039134358789, 16383
1821040719535422, 1821040719536496, 1821040719631310, 1821040719650125, 1821040719798031, 1821040775710992, 16383
1821042357849637, 1821042357850433, 1821042357951562, 1821042357970895, 1821042358109023, 1821042411969079, 16383
1821043996129852, 1821043996130555, 1821043996232406, 1821043996251832, 1821043996392701, 1821044049680300, 16383
1821045634412788, 1821045634413474, 1821045634515287, 1821045634534917, 1821045634679989, 1821045686729008, 16383
1821047272742280, 1821047272743021, 1821047272839353, 1821047272858279, 1821047272995981, 1821047326234469, 16383
1821048911020531, 1821048911021254, 1821048911120104, 1821048911139030, 1821048911283844, 1821048964095391, 16383
1821050549337763, 1821050549338467, 1821050549440114, 1821050549459170, 1821050549603724, 1821050604896802, 16383
1821052187627847, 1821052187628403, 1821052187729328, 1821052187749309, 1821052187893456, 1821052241236739, 16383
1821053825992301, 1821053825993023, 1821053826089837, 1821053826109226, 1821053826255002, 1821053879371806, 16383
1821055464410568, 1821055464411402, 1821055464521289, 1821055464540345, 1821055464685232, 1821055517325541, 16383
1821056282772914, 1821056282773599, 1821056282870117, 1821056282888839, 1821056282925857, 1821056310638544, 8192
1821057921733120, 1821057921733861, 1821057921823675, 1821057921843452, 1821057921981544, 1821057974437632, 16383
1821059560046092, 1821059560046777, 1821059560147554, 1821059560166702, 1821059560312385, 1821059616075645, 16383
1821061197950067, 1821061197950660, 1821061198051288, 1821061198071010, 1821061198106899, 1821061224264472, 8192
1821061224402118, 1821061224402933, 1821061224424081, 1821061224441785, 1821061224484784, 1821061250622968, 8191
1821062836723793, 1821062836724515, 1821062836822514, 1821062836841847, 1821062836984290, 1821062889871041, 16383
1821064474939987, 1821064474940839, 1821064475044023, 1821064475063041, 1821064475202910, 1821064528209845, 16383
1821066113241476, 1821066113242180, 1821066113344475, 1821066113364049, 1821066113504955, 1821066167397863, 16383
1821067751513447, 1821067751514003, 1821067751614002, 1821067751634094, 1821067751772871, 1821067803821926, 16383
1821069391027109, 1821069391027961, 1821069391136145, 1821069391156904, 1821069391299310, 1821069443371273, 16383
1821071028127925, 1821071028128610, 1821071028229887, 1821071028248757, 1821071028390181, 1821071080967898, 16383
1821072666373580, 1821072666374266, 1821072666464413, 1821072666483487, 1821072666519616, 1821072692665115, 8192
1821072692825557, 1821072692826317, 1821072692846817, 1821072692864724, 1821072692909205, 1821072718992371, 8191
1821073484993089, 1821073484993922, 1821073485094958, 1821073485115384, 1821073485150217, 1821073511756933, 8192
1821075123929478, 1821075123930219, 1821075124054366, 1821075124078217, 1821075124223586, 1821075177551110, 16383
1821076762213003, 1821076762213837, 1821076762316261, 1821076762336298, 1821076762477482, 1821076819345360, 16383
1821078400541361, 1821078400542120, 1821078400641879, 1821078400661360, 1821078400805488, 1821078453356298, 16383
1821080038822108, 1821080038822812, 1821080038922533, 1821080038942033, 1821080039084068, 1821080091137586, 16383
1821081677140799, 1821081677141354, 1821081677240742, 1821081677259927, 1821081677402222, 1821081729500203, 16383
1821083315414452, 1821083315415156, 1821083315513007, 1821083315532099, 1821083315672394, 1821083367720542, 16383
1821084953738087, 1821084953739069, 1821084953840697, 1821084953860345, 1821084954002899, 1821085006445321, 16383
1821086592026333, 1821086592026907, 1821086592127165, 1821086592146239, 1821086592289238, 1821086644361552, 16383
1821088230334856, 1821088230335412, 1821088230427874, 1821088230447392, 1821088230587150, 1821088282656094, 16383
1821089868628694, 1821089868629398, 1821089868732675, 1821089868752397, 1821089868893766, 1821089924252640, 16383
1821091506946439, 1821091506947235, 1821091507049920, 1821091507069530, 1821091507212677, 1821091560473461, 16383
1821093145266276, 1821093145267147, 1821093145360386, 1821093145381312, 1821093145522089, 1821093200835593, 16383
1821094783541151, 1821094783541725, 1821094783619798, 1821094783638539, 1821094783783037, 1821094838901914, 16383
1821096421809451, 1821096421810007, 1821096421911524, 1821096421931135, 1821096422069745, 1821096475212511, 16383
1821098060133177, 1821098060133732, 1821098060226453, 1821098060245749, 1821098060386711, 1821098117253403, 16383
1821099698413939, 1821099698414680, 1821099698517771, 1821099698536956, 1821099698680288, 1821099805586241, 16383
1821101339656246, 1821101339658172, 1821101339838911, 1821101339898484, 1821101340266944, 1821101502406383, 16383
1821102976067379, 1821102976069249, 1821102976245062, 1821102976301599, 1821102976392968, 1821103038953159, 8192
1821103039151972, 1821103039152565, 1821103039177528, 1821103039195268, 1821103039237027, 1821103067682058, 8191
1821103793574230, 1821103793575063, 1821103793675007, 1821103793695618, 1821103793732636, 1821103820633034, 8192
1821105432527615, 1821105432528355, 1821105432631336, 1821105432651262, 1821105432847630, 1821105485414421, 16383
1821107072107715, 1821107072109549, 1821107072290417, 1821107072348509, 1821107072440342, 1821107152424729, 8192
1821107152648968, 1821107152651375, 1821107152715338, 1821107152767189, 1821107152856818, 1821107232223545, 8191
1821107890841313, 1821107890843276, 1821107891009367, 1821107891065626, 1821107891155476, 1821107969466733, 8192
1821109531181813, 1821109531183832, 1821109531361367, 1821109531420514, 1821109531749455, 1821109630048698, 16383
1821111168060199, 1821111168062088, 1821111168241734, 1821111168300252, 1821111168390381, 1821111246491306, 8192
1821111246877969, 1821111246879802, 1821111246945820, 1821111246997616, 1821111247088504, 1821111325126522, 8191
1821111986664298, 1821111986666279, 1821111986830315, 1821111986888685, 1821111986973480, 1821112065067442, 8192
1821113624124030, 1821113624124585, 1821113624222158, 1821113624242195, 1821113624386935, 1821113677315444, 16383
1821115264108940, 1821115264110847, 1821115264295383, 1821115264354475, 1821115264447733, 1821115342517066, 8192
1821115342912154, 1821115342913988, 1821115342980987, 1821115343033116, 1821115343122930, 1821115421156393, 8191
1821116082449578, 1821116082451356, 1821116082625539, 1821116082683724, 1821116082773668, 1821116160906685, 8192
1821117722761892, 1821117722763800, 1821117722938316, 1821117722998056, 1821117723321646, 1821117882504244, 16383
1821119358254013, 1821119358254717, 1821119358358142, 1821119358377901, 1821119358524751, 1821119411504279, 16383
1821120998755769, 1821120998758103, 1821120998936953, 1821120999336189, 1821121000242847, 1821121077985757, 8192
1821121078210218, 1821121078212477, 1821121078276569, 1821121078330402, 1821121078418957, 1821121158032089, 8191
1821121816579209, 1821121816581005, 1821121816763466, 1821121816822484, 1821121816913279, 1821121894992797, 8192
1821123456069030, 1821123456070715, 1821123456241362, 1821123456300250, 1821123456390323, 1821123535004632, 8192
1821123535333925, 1821123535335999, 1821123535409757, 1821123535462368, 1821123535552552, 1821123613681533, 8191
1821124272592704, 1821124272593426, 1821124272695666, 1821124272715296, 1821124272750221, 1821124299566695, 8192
1821125911514531, 1821125911515272, 1821125911611900, 1821125911632067, 1821125911772510, 1821125966273300, 16383
1821127549855845, 1821127549856641, 1821127549958084, 1821127549977251, 1821127550120361, 1821127605704492, 16383
1821129188136233, 1821129188136788, 1821129188239325, 1821129188258454, 1821129188402471, 1821129241005280, 16383
1821130826431269, 1821130826431843, 1821130826533046, 1821130826552675, 1821130826699303, 1821130881543201, 16383
1821132464821378, 1821132464822082, 1821132464921710, 1821132464940840, 1821132465081801, 1821132518805636, 16383
1821134103023766, 1821134103024451, 1821134103124154, 1821134103143654, 1821134103286615, 1821134159504296, 16383
1821135741353375, 1821135741353931, 1821135741454930, 1821135741473893, 1821135741617576, 1821135794111275, 16383
1821137379646003, 1821137379646818, 1821137379750076, 1821137379769354, 1821137379906112, 1821137431973407, 16383
1821139018045741, 1821139018046500, 1821139018147795, 1821139018167425, 1821139018316368, 1821139070739493, 16383
1821140672607150, 1821140672609132, 1821140672800407, 1821140672860499, 1821140672961110, 1821140759639023, 8192
1821140760066056, 1821140760067963, 1821140760142814, 1821140760196110, 1821140760285554, 1821140838357275, 8191
1821141476236489, 1821141476238470, 1821141476423376, 1821141476482134, 1821141476568023, 1821141555544809, 8192
1821142295361895, 1821142295363784, 1821142295530301, 1821142295586708, 1821142295674336, 1821142373914501, 8191
1821143932895011, 1821143932895863, 1821143932975955, 1821143932995547, 1821143933137564, 1821143986408385, 16383
1821145571153101, 1821145571153897, 1821145571257026, 1821145571276063, 1821145571432154, 1821145623509912, 16383
1821147209428357, 1821147209429005, 1821147209531523, 1821147209551448, 1821147209694651, 1821147262162553, 16383
1821148847725613, 1821148847726317, 1821148847827390, 1821148847846334, 1821148847991203, 1821148902411660, 16383
1821150485397615, 1821150485398319, 1821150485499874, 1821150485519059, 1821150485558280, 1821150511707020, 8192
1821150511878018, 1821150511878611, 1821150511900666, 1821150511918906, 1821150511956480, 1821150538989099, 8191
1821152124335994, 1821152124336735, 1821152124434604, 1821152124454456, 1821152124594084, 1821152180198437, 16383
1821153762629990, 1821153762630675, 1821153762730692, 1821153762750989, 1821153762895209, 1821153815037763, 16383
1821155400967226, 1821155400967818, 1821155401069836, 1821155401089724, 1821155401235353, 1821155454098177, 16383
1821157039232110, 1821157039232814, 1821157039334739, 1821157039354553, 1821157039496922, 1821157091564199, 16383
1821158677518309, 1821158677519013, 1821158677615253, 1821158677635030, 1821158677772492, 1821158730240302, 16383
1821160315831415, 1821160315831952, 1821160315934377, 1821160315954340, 1821160316117653, 1821160370123874, 16383
1821161954115669, 1821161954116336, 1821161954217224, 1821161954236205, 1821161954376241, 1821162008560293, 16383
1821163592470534, 1821163592471330, 1821163592574903, 1821163592594440, 1821163592735586, 1821163646349978, 16383
1821165230718047, 1821165230718750, 1821165230819768, 1821165230839527, 1821165230983563, 1821165287198372, 16383
1821166869043318, 1821166869044004, 1821166869144243, 1821166869162984, 1821166869308686, 1821166922162937, 16383
1821168507315146, 1821168507316164, 1821168507410756, 1821168507430885, 1821168507568773, 1821168561687029, 16383
1821170145637509, 1821170145638213, 1821170145740416, 1821170145759897, 1821170145905081, 1821170200129484, 16383
1821171783913966, 1821171783914651, 1821171784030076, 1821171784051613, 1821171784192297, 1821171836249259, 16383
1821173422236014, 1821173422236570, 1821173422331236, 1821173422350550, 1821173422488660, 1821173476045126, 16383
1821175060541248, 1821175060542026, 1821175060644895, 1821175060665006, 1821175060807968, 1821175113565793, 16383
1821176698818926, 1821176698819611, 1821176698918758, 1821176698938536, 1821176699080627, 1821176751109349, 16383
1821178337146863, 1821178337147418, 1821178337238380, 1821178337257288, 1821178337396175, 1821178390484868, 16383
1821179975196432, 1821179975197265, 1821179975302708, 1821179975322653, 1821179975359171, 1821180003300985, 8192
1821180003643981, 1821180003644574, 1821180003674888, 1821180003693870, 1821180003736184, 1821180031029227, 8191
1821180795618563, 1821180795620470, 1821180795787191, 1821180795845135, 1821180795935078, 1821180894165136, 8192
1821182435805758, 1821182435807814, 1821182435987183, 1821182436069885, 1821182436415752, 1821182594436509, 16383
1821184071229001, 1821184071229686, 1821184071328296, 1821184071347444, 1821184071489572, 1821184123544479, 16383
1821185709534529, 1821185709535233, 1821185709637899, 1821185709657213, 1821185709799675, 1821185764027430, 16383
1821187347826965, 1821187347827650, 1821187347929594, 1821187347948779, 1821187348115796, 1821187400167684, 16383
1821188986121216, 1821188986121919, 1821188986219381, 1821188986239177, 1821188986386157, 1821189039174279, 16383
1821190624449521, 1821190624450225, 1821190624552687, 1821190624573057, 1821190624716796, 1821190677360123, 16383
1821192262711290, 1821192262711993, 1821192262812752, 1821192262831955, 1821192262973083, 1821192318977599, 16383
1821193901055020, 1821193901055798, 1821193901158056, 1821193901177741, 1821193901318036, 1821193954181657, 16383
1821195539320085, 1821195539320789, 1821195539422010, 1821195539441176, 1821195539583397, 1821195591636693, 16383
1821197177628815, 1821197177629501, 1821197177729685, 1821197177749499, 1821197177890257, 1821197230346141, 16383
1821198815900694, 1821198815901398, 1821198815997471, 1821198816109359, 1821198816257654, 1821198868853796, 16383
1821200454243480, 1821200454244183, 1821200454348016, 1821200454367997, 1821200454511699, 1821200507563929, 16383
1821202092536691, 1821202092537376, 1821202092638598, 1821202092658579, 1821202092802503, 1821202146071305, 16383
1821203730833773, 1821203730834458, 1821203730929846, 1821203730949086, 1821203731090289, 1821203783145251, 16383
1821205369160502, 1821205369161187, 1821205369264834, 1821205369283927, 1821205369426499, 1821205422264250, 16383
1821207007431139, 1821207007431843, 1821207007536453, 1821207007556267, 1821207007694451, 1821207059796246, 16383
1821208645705276, 1821208645706146, 1821208645808479, 1821208645827960, 1821208645967755, 1821208698779320, 16383
1821210284046245, 1821210284046930, 1821210284152226, 1821210284171744, 1821210284322335, 1821210338006318, 16383
1821211922332585, 1821211922333400, 1821211922435065, 1821211922454176, 1821211922596194, 1821211975347204, 16383
1821213560647369, 1821213560648091, 1821213560744479, 1821213560764312, 1821213560906385, 1821213614151650, 16383
1821215198917579, 1821215198918283, 1821215199020800, 1821215199041337, 1821215199293742, 1821215251345963, 16383
1821216837243159, 1821216837243973, 1821216837344102, 1821216837363546, 1821216837505656, 1821216893519227, 16383
1821218475556071, 1821218475556886, 1821218475671922, 1821218475692218, 1821218475845828, 1821218528198787, 16383
1821220114278091, 1821220114278943, 1821220114385997, 1821220114405460, 1821220114546237, 1821220171216764, 16383
1821221752134175, 1821221752134730, 1821221752234896, 1821221752254859, 1821221752399394, 1821221804979684, 16383
1821223390436457, 1821223390437124, 1821223390523642, 1821223390542623, 1821223390690270, 1821223444778341, 16383
1821225028732647, 1821225028733203, 1821225028834350, 1821225028854257, 1821225029000904, 1821225081524935, 16383
1821226667036633, 1821226667037189, 1821226667139243, 1821226667158558, 1821226667300890, 1821226723027000, 16383
1821228305345767, 1821228305346582, 1821228305439877, 1821228305458877, 1821228305598950, 1821228361583465, 16383
1821229943002463, 1821229943003166, 1821229943104462, 1821229943124128, 1821229943161961, 1821229969307052, 8192
1821229969466273, 1821229969467013, 1821229969486939, 1821229969504791, 1821229969542050, 1821229996751148, 8191
1821231581921664, 1821231581922386, 1821231582023033, 1821231582043107, 1821231582190902, 1821231634624990, 16383
1821233220223556, 1821233220224316, 1821233220325981, 1821233220345111, 1821233220487128, 1821233274183129, 16383
1821234858517745, 1821234858518449, 1821234858618892, 1821234858638633, 1821234858780150, 1821234910809723, 16383
1821236496281272, 1821236496282105, 1821236496382160, 1821236496401715, 1821236496437437, 1821236522762823, 8192
1821236522939969, 1821236522940580, 1821236522962358, 1821236522980876, 1821236523023116, 1821236549167318, 8191
1821238137889927, 1821238137891946, 1821238138068148, 1821238138125851, 1821238138471810, 1821238294202812, 16383
1821239776118745, 1821239776120727, 1821239776302910, 1821239776361669, 1821239776451668, 1821239855950282, 8192
1821239856449073, 1821239856450962, 1821239856520406, 1821239856572183, 1821239856665275, 1821239898888557, 8191
1821240591985511, 1821240591986326, 1821240592096584, 1821240592117602, 1821240592154935, 1821240618271897, 8192
